,datetime,cluster,mean_opg,std_opg
0,1979-01-01,1,0.00019997038522665147,0.001140299747223814
1,1979-01-02,1,0.0005436182234394086,0.002302470029921523
2,1979-01-03,1,0.0005557276118568231,0.0023087903336971665
3,1979-01-04,1,0.0005675333299019459,0.003502533471718923
4,1979-01-05,1,0.0004180735662417849,0.0028460317079561696
5,1979-01-06,1,0.0001521343129804066,0.0007453112421788873
6,1979-01-07,1,0.0008745788311000492,0.003752545356036431
7,1979-01-08,1,0.0001815057955752385,0.0006829012329183086
8,1979-01-09,1,0.00044218453629200953,0.001673052537232278
9,1979-01-10,1,0.0019121839757038793,0.004681508248153052
10,1979-01-11,2,0.002255799473035377,0.008592308498570433
11,1979-01-12,1,0.0010029091140694375,0.005036562673902432
12,1979-01-13,1,0.0013970947750225505,0.002862900735910525
13,1979-01-14,2,0.0020322937623940395,0.0040413542556020435
14,1979-01-15,2,0.0026396712361601675,0.008209004695072296
15,1979-01-16,1,0.00017674988003068341,0.0032389976704670716
16,1979-01-17,1,0.001341560259959782,0.003988684252258303
17,1979-01-18,1,5.851505050506922e-05,0.0016624193160661087
18,1979-01-19,1,0.0006208044387496553,0.0019383891539142334
19,1979-01-20,0,0.0018302546833677082,0.006709130768922204
20,1979-01-21,0,0.0030259633643645637,0.0060299676995613566
21,1979-01-22,1,-0.0006253390364052799,0.004202333152161197
22,1979-01-23,1,0.0009849199313598422,0.0017939375628040167
23,1979-01-24,1,0.0012341977391411797,0.0024456643015508604
24,1979-01-25,1,0.00117996956581487,0.0030248560256803114
25,1979-01-26,1,0.00045634855550720385,0.002102192163683399
26,1979-01-27,1,0.001309795360395051,0.003948164285543437
27,1979-01-28,1,0.00033899142595860446,0.0019570582468623992
28,1979-01-29,1,0.0006475093065221929,0.002256140491695962
29,1979-01-30,1,0.0005043689436595148,0.0014495010386438411
30,1979-01-31,1,0.0004180006402914293,0.0014820768334993953
31,1979-02-01,1,0.00048210346420732015,0.0019643340636885096
32,1979-02-02,1,0.000232416751165492,0.0021417518530446687
33,1979-02-03,1,0.001326438063270528,0.0032813939061365626
34,1979-02-04,1,0.0014341370316313868,0.004212203063970047
35,1979-02-05,0,0.0023047135980442035,0.006849649229807781
36,1979-02-06,0,0.002952723583126861,0.006377504747912198
37,1979-02-07,2,0.0028315213634137167,0.005736704031524852
38,1979-02-08,1,0.0011966663496151976,0.003409742797431911
39,1979-02-09,0,0.0022670053261935738,0.007045076894178249
40,1979-02-10,0,0.0023147117067442518,0.006248348485774352
41,1979-02-11,0,0.002371297659617954,0.0065592265663620575
42,1979-02-12,0,0.0040297772513006565,0.01063342706691477
43,1979-02-13,0,0.004110233253272052,0.010073663554308731
44,1979-02-14,2,0.0038125796917268403,0.008629681643202408
45,1979-02-15,1,0.0010027809287537224,0.006225948547608674
46,1979-02-16,1,0.0016847799640903988,0.003307781981048597
47,1979-02-17,1,0.0006347152388443707,0.0036219961954811228
48,1979-02-18,1,0.0013781037841823815,0.002936697245015352
49,1979-02-19,0,0.002747711907197745,0.004612684059135762
50,1979-02-20,1,0.0014132867075387259,0.008068761805350702
51,1979-02-21,1,0.0019557049120986513,0.004254596818576776
52,1979-02-22,1,0.0009473550974989606,0.0044694152143195534
53,1979-02-23,1,0.0017520881986365705,0.003733416821925986
54,1979-02-24,1,0.0007707925685657104,0.002188639508873698
55,1979-02-25,1,0.000228130684259527,0.0019021244388383997
56,1979-02-26,1,0.0012891199170879256,0.0034280094202715082
57,1979-02-27,0,0.002596178775877321,0.004212981164992609
58,1979-02-28,1,0.0026734775029598487,0.006701546515990746
59,1979-12-01,1,0.000633184113163253,0.00219677609440203
60,1979-12-02,0,0.0020519112599339993,0.007083557398817678
61,1979-12-03,1,0.0006748169496784287,0.003016810565128867
62,1979-12-04,0,0.002481456712277346,0.007357698995900828
63,1979-12-05,1,0.0007933245522639508,0.003018597829699574
64,1979-12-06,1,0.001263859530705663,0.0043562403529464454
65,1979-12-07,1,0.00028125742991075384,0.0009860702241128417
66,1979-12-08,1,0.00011973426385312361,0.001052639998856409
67,1979-12-09,0,0.0017573960150606648,0.006341787067763273
68,1979-12-10,0,0.0049042134122881135,0.008519447596075015
69,1979-12-11,1,0.0004231192900346992,0.002464978932611257
70,1979-12-12,1,0.0009027007589454814,0.0024833582287842695
71,1979-12-13,1,0.0005224716904750508,0.0016398755031130912
72,1979-12-14,0,0.0016843841455329164,0.008249085592155262
73,1979-12-15,0,0.00286528124673445,0.007935744442898586
74,1979-12-16,1,-9.751196999487618e-05,0.0012790976221558467
75,1979-12-17,1,0.0003378312246336431,0.0025856412536005755
76,1979-12-18,1,0.0005095764614455023,0.0026820638140043892
77,1979-12-19,1,0.0003640778737305835,0.0016089425036203734
78,1979-12-20,1,0.00030041403983093785,0.0011410597315598594
79,1979-12-21,1,0.0011961271689885184,0.002833195239102743
80,1979-12-22,1,0.00010980529430081737,0.00255615286556497
81,1979-12-23,1,-0.00015450812633373723,0.0028396900023442222
82,1979-12-24,1,0.0011330618988651397,0.003508254360993494
83,1979-12-25,0,0.002395322140679908,0.0054948929656399425
84,1979-12-26,1,0.0004942968526260498,0.0016726727173615372
85,1979-12-27,1,0.00047006911273046064,0.0016656473561647745
86,1979-12-28,1,0.0003708445839548963,0.002562032842323408
87,1979-12-29,1,0.00013782815362712146,0.0005837151839539651
88,1979-12-30,1,9.298148123293177e-05,0.00034717291149319746
89,1979-12-31,1,0.0012106414524552733,0.0033429489832381737
90,1980-01-01,1,0.0005838445356607586,0.0021607402544322335
91,1980-01-02,1,0.00010349317193623448,0.002418065600986139
92,1980-01-03,1,0.0012742554817522602,0.0033669745732142512
93,1980-01-04,1,0.0011100633690439559,0.003651506902734039
94,1980-01-05,2,0.003905064150799681,0.006662742203333454
95,1980-01-06,1,0.0020927878579456434,0.006230939511019439
96,1980-01-07,2,0.0020007094404429007,0.0039620353494254495
97,1980-01-08,1,0.0004480039592650417,0.0032406970852187503
98,1980-01-09,2,0.004062042210455691,0.006645670377865321
99,1980-01-10,2,0.0028453340985428255,0.010609290075766512
100,1980-01-11,2,0.003394469874604683,0.007540709830276454
101,1980-01-12,0,0.005135697285102314,0.009479524047335158
102,1980-01-13,2,0.003108598955952221,0.007397584165706552
103,1980-01-14,1,0.0013482029707884884,0.005968018829568094
104,1980-01-15,2,0.001799153162085645,0.004917658548285677
105,1980-01-16,1,0.0014430234061444808,0.004778903577153702
106,1980-01-17,1,0.0021225074622974894,0.0043259916609425545
107,1980-01-18,1,8.47439922733564e-05,0.0039029139771040475
108,1980-01-19,1,0.0003122356783748465,0.0010726341078127245
109,1980-01-20,2,0.0019225357678003807,0.0038502612884094567
110,1980-01-21,1,0.0003970649843011107,0.0010712438692615314
111,1980-01-22,1,0.00024310033447387652,0.0007754140428965733
112,1980-01-23,1,0.00023384399913875428,0.001139044729470822
113,1980-01-24,1,0.0011670504511567834,0.0030328750671493442
114,1980-01-25,1,0.0016410851521193952,0.0030031028340714834
115,1980-01-26,1,0.001329402548006925,0.002408297947931131
116,1980-01-27,1,0.0007817130907230537,0.001970297322567618
117,1980-01-28,1,0.000684792786813873,0.0023109195351260757
118,1980-01-29,1,0.0005196663889708799,0.002574879354808325
119,1980-01-30,1,0.0014576306704094108,0.0047108865727547074
120,1980-01-31,1,0.0003154452135643246,0.0008804239268327863
121,1980-02-01,1,0.0002365172792781507,0.0011567831086252793
122,1980-02-02,1,0.00036359950077986906,0.001461089755814765
123,1980-02-03,1,0.0015712972290184099,0.004383734602182567
124,1980-02-04,1,0.0014239528011355345,0.006391167036319631
125,1980-02-05,1,0.0008145893417451688,0.0023505157326720746
126,1980-02-06,1,0.00239115955741812,0.006331055718292844
127,1980-02-07,1,0.0004934914165038207,0.0034761856227938205
128,1980-02-08,1,0.00045750685819618,0.0015174865538934354
129,1980-02-09,1,5.9702023663898917e-05,0.0003029260503180817
130,1980-02-10,1,0.00031619210977141735,0.001346204819691792
131,1980-02-11,1,0.000528658659668996,0.002503100110791961
132,1980-02-12,1,0.0017521270628981795,0.0035262671570710294
133,1980-02-13,0,0.002002149602488583,0.004419816628916109
134,1980-02-14,1,0.0021065868212421113,0.00427947120786644
135,1980-02-15,1,0.001120163016471019,0.003445881472047506
136,1980-02-16,1,0.0006745441417267261,0.0023165268424172746
137,1980-02-17,2,0.002535725672679112,0.006891752469859238
138,1980-02-18,2,0.0035593414411872366,0.007043365590534275
139,1980-02-19,1,0.0012992334191010298,0.004324038301040886
140,1980-02-20,1,0.0020492766631173176,0.004707587422641219
141,1980-02-21,2,0.002077481382194451,0.004288029456880234
142,1980-02-22,1,0.0008303547555856647,0.004335797194306218
143,1980-02-23,1,-4.733822217417265e-06,0.002431172609265614
144,1980-02-24,1,0.0007175899194519032,0.002473291631438995
145,1980-02-25,1,0.0006196139426306511,0.0016408973948747918
146,1980-02-26,1,0.0003279738805648702,0.0012860843993089306
147,1980-02-27,1,0.0009148006303849455,0.0022534564666011983
148,1980-02-28,1,0.0015889197023148545,0.0032435905364744297
149,1980-02-29,1,-0.00041362185047650316,0.003241869841060319
150,1980-12-01,1,0.0013843569561552515,0.005854240390645744
151,1980-12-02,0,0.00459892171637469,0.010689095119558265
152,1980-12-03,0,0.0020059613358545518,0.011003706647112426
153,1980-12-04,3,0.0067472867144825355,0.010370228134652512
154,1980-12-05,1,0.0005111618183108762,0.005694123593832302
155,1980-12-06,1,0.0011319480317907291,0.0029933384737895175
156,1980-12-07,1,0.000511560423616963,0.0016069817843392502
157,1980-12-08,1,0.00021243645370743367,0.001569715473246595
158,1980-12-09,1,0.00045127060384495714,0.0014936401440605487
159,1980-12-10,0,0.0014334870723660556,0.005259004066818536
160,1980-12-11,1,0.00016014860068803248,0.0006066780567733286
161,1980-12-12,1,0.00014588035861980866,0.00045842595682820796
162,1980-12-13,1,4.6411160894217166e-05,0.00020498123237299205
163,1980-12-14,1,0.00045095237507051795,0.0031278819486879553
164,1980-12-15,1,1.1603139011986544e-05,0.0015934024514195036
165,1980-12-16,1,0.00012539644186213193,0.0005769943400062128
166,1980-12-17,1,0.0005218116196732058,0.0014131647158680052
167,1980-12-18,1,0.0003272877772873502,0.0018009371875483619
168,1980-12-19,1,5.554064462185498e-05,0.0007464751782008606
169,1980-12-20,1,0.0011620802423456132,0.003801671892825293
170,1980-12-21,0,0.004677386366843971,0.008508000379120511
171,1980-12-22,0,0.0036156050526827137,0.007133614151663163
172,1980-12-23,0,0.003217457031534313,0.005750714267409056
173,1980-12-24,0,0.004180061566240697,0.007576494560926999
174,1980-12-25,0,0.004321814230504389,0.010220028244997898
175,1980-12-26,0,0.0013476198831787421,0.006322549018794549
176,1980-12-27,1,0.001599876869068714,0.0035987657512482835
177,1980-12-28,1,0.0005050101847094297,0.002740830161756633
178,1980-12-29,1,0.0006273725609764242,0.0025668484186699156
179,1980-12-30,1,-0.0001547443482443804,0.003043273133485654
180,1980-12-31,1,0.0004817947248205079,0.001984528220067495
181,1981-01-01,1,0.0001659722829499091,0.0007523263081975399
182,1981-01-02,1,0.00041829113420669323,0.0017275931516030918
183,1981-01-03,1,0.00048663728727898467,0.0017259683813507648
184,1981-01-04,1,-2.167758833834749e-05,0.002640015583154307
185,1981-01-05,1,0.0002737431824444004,0.0012397886403278404
186,1981-01-06,1,0.0006706410976860739,0.0016508928618272718
187,1981-01-07,1,0.00023516249943765074,0.0008445547169028956
188,1981-01-08,1,0.0002454479945369926,0.001259986236253834
189,1981-01-09,1,0.0001676772664021376,0.000561779624329193
190,1981-01-10,1,0.0003804217158608705,0.001259367506879985
191,1981-01-11,1,0.00011266001255026087,0.0005059719066686678
192,1981-01-12,1,3.661023776445292e-05,0.00019238718636885267
193,1981-01-13,1,0.00021491042580747716,0.0009285858454350829
194,1981-01-14,1,0.00023675463997519774,0.0011055103329932366
195,1981-01-15,1,0.00019963878850340604,0.0018124520669303731
196,1981-01-16,1,0.0002781975698561219,0.0010835303214305012
197,1981-01-17,1,0.00019836620254581948,0.0009531336656588128
198,1981-01-18,1,0.00017780699209001474,0.0015427213756134782
199,1981-01-19,1,0.00016803961193347506,0.0006815089727043495
200,1981-01-20,1,0.00020242763436995246,0.0008680164300893777
201,1981-01-21,1,0.0003566183308465714,0.001997588089877945
202,1981-01-22,1,0.00032248466707150003,0.0011139609747579159
203,1981-01-23,1,0.001644365174121007,0.004247245889420062
204,1981-01-24,0,0.004229971704783878,0.01074553341322477
205,1981-01-25,1,0.001844746187468946,0.005780919840993859
206,1981-01-26,1,0.002148577774193692,0.002783828958652184
207,1981-01-27,2,0.002075015522357741,0.0034002336083708232
208,1981-01-28,2,0.002413616306943059,0.004783326673240692
209,1981-01-29,2,0.002276499939752858,0.004393477292621584
210,1981-01-30,2,0.002843631801507768,0.004094159941635377
211,1981-01-31,1,0.002966056528551898,0.006873879945224415
212,1981-02-01,1,0.0005135103695112339,0.0027519118484846013
213,1981-02-02,1,0.0007812286543756999,0.0014542397852077026
214,1981-02-03,1,0.0005960702041233415,0.0014250912179781243
215,1981-02-04,1,0.00047219467952781027,0.0013250746667149628
216,1981-02-05,1,0.0005226736479935456,0.0014308640027965943
217,1981-02-06,1,0.0014808619493790044,0.0035025225965602254
218,1981-02-07,0,0.0027239298133968945,0.005511179145233353
219,1981-02-08,1,0.0021063901069745612,0.0042816974282404
220,1981-02-09,2,0.003796018124799229,0.004983106122319982
221,1981-02-10,1,0.0006726141651167363,0.0020153120656428766
222,1981-02-11,2,0.0025569723272900174,0.004671306923976903
223,1981-02-12,0,0.0020268474886550977,0.006912803147907216
224,1981-02-13,0,0.0019358087887693565,0.006874264908616313
225,1981-02-14,0,0.002525042729221648,0.0049798816177145456
226,1981-02-15,0,0.0023719031284668715,0.006700843203257302
227,1981-02-16,0,0.004226523628060292,0.009331911299858345
228,1981-02-17,1,0.0008894918997142689,0.006482176902841705
229,1981-02-18,0,0.0030600383525584483,0.005775074491848887
230,1981-02-19,0,0.004821088171141158,0.006379372521949587
231,1981-02-20,1,0.0013831815307261963,0.005838330044852883
232,1981-02-21,1,0.0005640585294766037,0.001199944848461502
233,1981-02-22,1,0.0007692307735890115,0.0020387138772720663
234,1981-02-23,1,0.0003637938857154959,0.0008457371996252503
235,1981-02-24,1,0.0005597533431017418,0.001848501939262609
236,1981-02-25,1,0.0015101364079340657,0.0032688930837453194
237,1981-02-26,1,0.0013196011626347372,0.005005885362848704
238,1981-02-27,1,6.706591163691165e-05,0.002237126990000674
239,1981-02-28,1,0.0003567114988435248,0.001002177873117587
240,1981-12-01,1,0.0024509773198362877,0.005576924349741681
241,1981-12-02,0,0.005149000248746304,0.007030587179160569
242,1981-12-03,1,0.0004971338527883246,0.002614586086436517
243,1981-12-04,1,0.0003570642518332155,0.0007306768020984006
244,1981-12-05,0,0.0021857086485178815,0.007565148003083955
245,1981-12-06,0,0.0020920290721428885,0.00554823249749501
246,1981-12-07,1,0.0005638087726528769,0.003163779282513548
247,1981-12-08,1,0.00015605165973260748,0.0006849283765671502
248,1981-12-09,1,0.0005749623675538712,0.0012802130452943985
249,1981-12-10,1,0.0015873156165758496,0.004204932990254847
250,1981-12-11,1,0.0012950494353737491,0.0024071543610433193
251,1981-12-12,2,0.002097652557842867,0.0035381958514756036
252,1981-12-13,1,0.0019533192474730193,0.004101391172950566
253,1981-12-14,2,0.0032476756456327467,0.006113750722455126
254,1981-12-15,2,0.007292438761279905,0.008954714947151457
255,1981-12-16,2,0.002356669341630934,0.005567507948096018
256,1981-12-17,1,0.0005811610439594079,0.001662136879542488
257,1981-12-18,2,0.0020396617290131614,0.005548456730810828
258,1981-12-19,3,0.007199543130725217,0.010389254496265222
259,1981-12-20,2,0.005286779770191487,0.008451843787101471
260,1981-12-21,2,0.0037038349654662326,0.006586183756669227
261,1981-12-22,2,0.0022442077136371284,0.0037471651394241586
262,1981-12-23,1,0.0011467386817561212,0.0024444295053510125
263,1981-12-24,2,0.004013392344242072,0.00735099258845169
264,1981-12-25,2,0.003065025250588033,0.005621638230929309
265,1981-12-26,2,0.005660147299457161,0.011691742729285875
266,1981-12-27,2,0.0024722697470325097,0.007588688032363108
267,1981-12-28,2,0.002403347967871286,0.0034084062904469214
268,1981-12-29,3,0.008209327630865428,0.014945830898102237
269,1981-12-30,1,0.0016204121912332266,0.005712942092331837
270,1981-12-31,2,0.004454859892219298,0.007101526268766478
271,1982-01-01,2,0.002643405447942374,0.005538553912960683
272,1982-01-02,2,0.00213095249748615,0.003491445357846429
273,1982-01-03,0,0.004668662163589784,0.007280185316284528
274,1982-01-04,2,0.0053465276816417615,0.009114533324218105
275,1982-01-05,2,0.003571592641187737,0.006636806831878015
276,1982-01-06,1,0.0006873512601319506,0.002215402337954858
277,1982-01-07,1,0.0013233227967762056,0.0028381765650260134
278,1982-01-08,1,0.0007586886389512596,0.0024480158060194786
279,1982-01-09,1,0.001228435305355128,0.0027450285354914355
280,1982-01-10,1,0.0006359863138407493,0.00212501751985316
281,1982-01-11,1,0.0010847011959721252,0.0036675683782184713
282,1982-01-12,1,0.0018343905379026605,0.004326350882356021
283,1982-01-13,1,0.0011569903924888664,0.0032078523926231564
284,1982-01-14,0,0.005579759809997706,0.009363891762899994
285,1982-01-15,0,0.0032263064769427596,0.0056614936416278
286,1982-01-16,0,0.005279255047053434,0.00921523217277697
287,1982-01-17,0,0.0021945263233266957,0.005157295313537119
288,1982-01-18,1,0.002055692773022339,0.004342294494725305
289,1982-01-19,2,0.0023967547522882353,0.004567512624335272
290,1982-01-20,2,0.0042396012440867265,0.00847021895628961
291,1982-01-21,2,0.0024964587325955164,0.00497467124832333
292,1982-01-22,0,0.00497564611310448,0.007752142337537423
293,1982-01-23,1,0.0021178521902249863,0.007343010525710996
294,1982-01-24,2,0.003805416398384998,0.006225276148681403
295,1982-01-25,2,0.002426158613835389,0.005994212883953513
296,1982-01-26,2,0.004802350137389023,0.006237495047268252
297,1982-01-27,1,0.0014889328587915172,0.0037373512108248054
298,1982-01-28,1,0.0009996949714002354,0.0028270556098227264
299,1982-01-29,1,0.0013462704467796284,0.0030002748649414898
300,1982-01-30,0,0.0026300714137211033,0.006694336098177641
301,1982-01-31,0,0.0034534955138428563,0.005272552426691458
302,1982-02-01,1,0.0016168014424849783,0.003492886897807257
303,1982-02-02,2,0.003199607459298168,0.00450525914365428
304,1982-02-03,1,0.0004261366203395811,0.0027653411038811994
305,1982-02-04,1,0.001037018615720509,0.002782316963570995
306,1982-02-05,1,0.0010793527735688704,0.00392759856114147
307,1982-02-06,1,0.0007529244332937948,0.002588774243521381
308,1982-02-07,1,0.0007288479682568482,0.0017770965932585945
309,1982-02-08,1,0.00040457539675091116,0.0015745050878549624
310,1982-02-09,1,0.0012462901454234753,0.0033122797993010754
311,1982-02-10,1,0.00015747668842035174,0.000952750295903345
312,1982-02-11,1,0.0007875135019388838,0.00409409323250652
313,1982-02-12,1,0.0011677731140126457,0.0031459621365659365
314,1982-02-13,0,0.005516262462325933,0.011515352978459502
315,1982-02-14,0,0.004174168328791881,0.008271728350137843
316,1982-02-15,0,0.005119567977352056,0.008043733282971697
317,1982-02-16,0,0.0028901493008859007,0.007294646882422864
318,1982-02-17,2,0.002268882876331753,0.004037366416784306
319,1982-02-18,0,0.0028325399338633987,0.005699919031756687
320,1982-02-19,1,0.001214060661440787,0.0064552581253909625
321,1982-02-20,0,0.002462058652811047,0.005465287484334445
322,1982-02-21,2,0.003792016025921093,0.0066358318315283835
323,1982-02-22,1,-0.0004800060770060867,0.005895821555672152
324,1982-02-23,1,0.001594420824386798,0.004323208287498303
325,1982-02-24,1,0.001291421210165976,0.0024617244705643646
326,1982-02-25,1,0.0011699699090113856,0.002918930502122957
327,1982-02-26,1,0.0011156967007475873,0.0017960494332664558
328,1982-02-27,1,0.0008372565873678186,0.002701098636647416
329,1982-02-28,1,0.0011021910528366554,0.0028727722492424123
330,1982-12-01,2,0.0037099794740363167,0.008848898855283527
331,1982-12-02,0,0.0012816496379517118,0.006000653143288568
332,1982-12-03,0,0.002529154150346781,0.007036721536081821
333,1982-12-04,1,0.0016970179086104296,0.002964295769322934
334,1982-12-05,1,0.002492326929414804,0.00407335832518014
335,1982-12-06,2,0.004464852876049255,0.007191607434657119
336,1982-12-07,1,0.0012184853429323664,0.003687502199852033
337,1982-12-08,1,0.001686155635331479,0.005603419271977053
338,1982-12-09,1,0.0004635365082693062,0.003873934288370044
339,1982-12-10,1,0.000180888518175433,0.0009199968174878915
340,1982-12-11,1,0.00024461784895648143,0.0007798134199773932
341,1982-12-12,1,0.0011180197249543791,0.003138759223336194
342,1982-12-13,1,0.002150362390495496,0.005463868975679124
343,1982-12-14,1,0.001840836943994302,0.002997147549400996
344,1982-12-15,0,0.004343303035406313,0.006569985076669855
345,1982-12-16,1,0.0018169162789261246,0.00502332813176496
346,1982-12-17,0,0.0038461202618676428,0.004690460475562104
347,1982-12-18,0,0.002610191136938085,0.003514505392618007
348,1982-12-19,1,0.00147302739496841,0.0030009039152092084
349,1982-12-20,0,0.0034208215912711055,0.007444375526726262
350,1982-12-21,0,0.006610301469943604,0.009815706712349348
351,1982-12-22,2,0.004396513096382656,0.00704651689152723
352,1982-12-23,2,0.003053247233701178,0.005684679015510821
353,1982-12-24,1,0.0014399889468806111,0.004273482188932932
354,1982-12-25,1,0.001140662693645859,0.002057629775862685
355,1982-12-26,0,0.002024881247114513,0.004825903352475562
356,1982-12-27,1,0.001588179753187727,0.0032846395203427105
357,1982-12-28,1,0.000997350108737349,0.0036179183166966528
358,1982-12-29,1,0.0011439386880166137,0.003664034678524687
359,1982-12-30,1,0.0006089325971996992,0.0018434246384665138
360,1982-12-31,1,0.0008278438454622846,0.0042406500049491
361,1983-01-01,1,0.0005066046686249391,0.004151580041259508
362,1983-01-02,1,0.0006460819494121278,0.0017104374776836107
363,1983-01-03,1,0.001406483751473665,0.002640760623709621
364,1983-01-04,0,0.0039020788692264528,0.007872390533177577
365,1983-01-05,0,0.004359821337173088,0.0073179781963635514
366,1983-01-06,0,0.0037739229511859454,0.00521082587462766
367,1983-01-07,1,0.0019426796563975393,0.0033741611952784723
368,1983-01-08,0,0.0054338254193839215,0.008418177753040745
369,1983-01-09,0,0.002099263593088029,0.0043548892085652526
370,1983-01-10,1,0.0016402321059445241,0.003968328294185285
371,1983-01-11,0,0.0014503048820885414,0.00484539861351447
372,1983-01-12,1,0.0007529572382305065,0.004460982378307841
373,1983-01-13,1,9.814884532496482e-05,0.00035348415674683523
374,1983-01-14,1,0.00019214982890287214,0.0007575645246203826
375,1983-01-15,1,0.0001208952947929668,0.0003807299351815422
376,1983-01-16,1,-0.0001485071156598769,0.001678419795008155
377,1983-01-17,1,0.00015619757834894188,0.000854912308762034
378,1983-01-18,1,0.00020664410952028132,0.0012237770317305437
379,1983-01-19,1,0.0009622770609118307,0.0031876298607593375
380,1983-01-20,1,-3.898030640377004e-05,0.0009395100413009622
381,1983-01-21,1,0.0004549280279327626,0.0013707359198177112
382,1983-01-22,0,0.0028051873232499743,0.004363052108075735
383,1983-01-23,1,0.0016406528530193282,0.005134214850487744
384,1983-01-24,2,0.0020723919961505664,0.004297407352714953
385,1983-01-25,1,0.0008082597368978854,0.0029055740178451778
386,1983-01-26,1,0.001229390556995195,0.002187441635933463
387,1983-01-27,2,0.002642802814632772,0.00401654503639527
388,1983-01-28,1,0.00128041421415491,0.004214779643210031
389,1983-01-29,1,0.0020615764375252143,0.0033198744358391855
390,1983-01-30,1,0.00024728154731195397,0.002408367333116389
391,1983-01-31,1,0.000507197434521377,0.0015538424706229216
392,1983-02-01,1,0.0007833516110684266,0.001679369431506445
393,1983-02-02,1,0.00072630318445424,0.002027625226320167
394,1983-02-03,1,0.00048207586066626227,0.0011289406156392231
395,1983-02-04,1,0.0007235745109630368,0.00201004947436414
396,1983-02-05,1,0.0002479838252388919,0.0008494800715759289
397,1983-02-06,2,0.0023289132275348973,0.005078394096375473
398,1983-02-07,2,0.001971413523707879,0.004621993994895093
399,1983-02-08,0,0.003492547567955795,0.005708388571688902
400,1983-02-09,0,0.005383072175660309,0.0070729882400265435
401,1983-02-10,2,0.0025647835030001833,0.004601736852396899
402,1983-02-11,1,0.0014494598518749182,0.0024336748549223185
403,1983-02-12,0,0.002691496239897745,0.004318388947222026
404,1983-02-13,2,0.0033088227369139763,0.0046152517217806
405,1983-02-14,1,-0.00020885053112731946,0.0036572216992366677
406,1983-02-15,1,0.002174137698968178,0.0037450651568451654
407,1983-02-16,1,0.002754834126023275,0.004391276128885104
408,1983-02-17,0,0.004890432391300161,0.006969361481842012
409,1983-02-18,2,0.004049438070547663,0.0057863584359731345
410,1983-02-19,1,0.001524921696619635,0.004627222720718822
411,1983-02-20,1,0.0008745263234011642,0.0018712296484378968
412,1983-02-21,1,0.00035934508160522216,0.0014558592121487438
413,1983-02-22,1,0.0012758427682325899,0.003275190231282013
414,1983-02-23,1,0.000860528877138482,0.002092887613765147
415,1983-02-24,1,0.0014568746271167523,0.0047163244689784846
416,1983-02-25,0,0.0030629809047496123,0.004873946831484026
417,1983-02-26,2,0.0026301865148566235,0.005205482378169464
418,1983-02-27,2,0.0024683334086643615,0.006047853396198252
419,1983-02-28,1,0.0023227779669741477,0.0030210876671186095
420,1983-12-01,2,0.0017849421556672819,0.007379785319726513
421,1983-12-02,2,0.002078758889255757,0.006008502766496309
422,1983-12-03,3,0.005391817429060379,0.01064454315982166
423,1983-12-04,1,4.070190735321296e-05,0.0055644826200421625
424,1983-12-05,2,0.0034125460919850743,0.006144750023656386
425,1983-12-06,2,0.004631352749616898,0.009375476945880345
426,1983-12-07,0,0.006580675977209746,0.008662108956492342
427,1983-12-08,1,0.0019362498114158543,0.00544065534387601
428,1983-12-09,0,0.005225762432956552,0.007041516055588901
429,1983-12-10,0,0.0041209330729406754,0.00580955130266326
430,1983-12-11,3,0.007332936801666624,0.008726203062920858
431,1983-12-12,2,0.002887948041776813,0.00652835235561859
432,1983-12-13,2,0.0035871137192591703,0.005545200126737141
433,1983-12-14,2,0.004633914979684197,0.007909347394493992
434,1983-12-15,1,0.0005308158662345285,0.006481077989216567
435,1983-12-16,1,0.0018493395919789532,0.0026952866228022285
436,1983-12-17,1,0.001172834611597777,0.002443323687427306
437,1983-12-18,2,0.002293522884551803,0.004567139464425746
438,1983-12-19,2,0.002192519523554705,0.005658697957813526
439,1983-12-20,1,0.0007196016536337217,0.00278567772802462
440,1983-12-21,1,0.0007126234813306644,0.0030552340027416606
441,1983-12-22,1,0.0008892529563558995,0.0021831461888760727
442,1983-12-23,1,0.0010652661691784753,0.003684301860017061
443,1983-12-24,1,0.001617826436916289,0.004369025929819851
444,1983-12-25,2,0.002201918315098167,0.003999682413215001
445,1983-12-26,2,0.0021822701991804317,0.007268834749041303
446,1983-12-27,1,0.0013884654813333397,0.005197157333144558
447,1983-12-28,1,0.0012681708852387797,0.0030744456944109388
448,1983-12-29,0,0.0036207178925536138,0.005925721657029817
449,1983-12-30,2,0.002597141460616788,0.006660655967805161
450,1983-12-31,1,0.00024721121499513904,0.002498181285727254
451,1984-01-01,1,0.0008386784774769693,0.002120745128122027
452,1984-01-02,1,0.0016155263420327439,0.003672556583763581
453,1984-01-03,1,0.0024119729518503135,0.0055099088901533165
454,1984-01-04,0,0.002496130813319717,0.008515955708985886
455,1984-01-05,1,0.0009026087457029662,0.003013534418891361
456,1984-01-06,1,0.000305083380276818,0.001326433908986393
457,1984-01-07,1,0.00013792815131504377,0.0011065674875708163
458,1984-01-08,1,0.0011600073430527416,0.002078882265901278
459,1984-01-09,1,0.0003386764231434994,0.001638170441188956
460,1984-01-10,1,0.001706087383805577,0.003894977370010607
461,1984-01-11,1,0.0021918472554299695,0.004133501676934675
462,1984-01-12,1,0.0027268734431351634,0.004891658550890874
463,1984-01-13,1,0.0012856764684866366,0.0029039028077221074
464,1984-01-14,1,0.0013524557916808966,0.0052911932538901646
465,1984-01-15,1,0.0008437707096147467,0.002470223548018312
466,1984-01-16,1,0.0007868393866317519,0.003496642878227844
467,1984-01-17,1,0.0008075539897532717,0.002824628045019483
468,1984-01-18,1,0.0008058441208480129,0.001590063038498497
469,1984-01-19,1,0.00024740763562329906,0.0013986930916575426
470,1984-01-20,1,0.0004900289368272794,0.002660879274145309
471,1984-01-21,1,0.0011329731150415184,0.002412424961074048
472,1984-01-22,1,0.0017031143617841152,0.003701017093807329
473,1984-01-23,0,0.0029891202470397954,0.006185346533919083
474,1984-01-24,0,0.0036362624964689882,0.006869948840601462
475,1984-01-25,2,0.003978426320767887,0.005572317297890165
476,1984-01-26,1,0.0016161934984182482,0.004293026172590905
477,1984-01-27,1,0.0019489308793277946,0.0038204214113616466
478,1984-01-28,1,0.0008321857142980323,0.002276618603892516
479,1984-01-29,1,0.001068334801321687,0.0035119858729166548
480,1984-01-30,1,0.0005159707532955328,0.0012038778664410935
481,1984-01-31,1,0.0005363644268869133,0.0015238954291171487
482,1984-02-01,1,0.0005386526517600685,0.0016912305292546377
483,1984-02-02,1,3.283818253058205e-05,0.0008394913953115844
484,1984-02-03,1,5.8209015051999894e-05,0.00092118715021206
485,1984-02-04,1,0.00024930128397455167,0.0008826911030394501
486,1984-02-05,1,0.0002110310043904863,0.0007751893408076125
487,1984-02-06,1,0.0004806543474854735,0.0018459841264975136
488,1984-02-07,1,0.00040073759067182506,0.0015436629404938498
489,1984-02-08,1,0.0003066028454957544,0.0008315565115258208
490,1984-02-09,1,0.0013280364650900204,0.0033313052239599627
491,1984-02-10,1,0.0007211282931240593,0.003829949791415606
492,1984-02-11,1,0.0006577305817557965,0.0020751448364425534
493,1984-02-12,1,0.0018002896483313169,0.004492861572995113
494,1984-02-13,0,0.005765706038853502,0.006736235462701966
495,1984-02-14,2,0.0013474329931644413,0.00786121025108863
496,1984-02-15,1,0.001992345849500928,0.004461273205566832
497,1984-02-16,1,0.0030195841506442823,0.005721517528439521
498,1984-02-17,1,0.000735289437075067,0.0036250513639137128
499,1984-02-18,1,0.0008625366436822673,0.0028538329746350156
500,1984-02-19,1,0.0008148997671434917,0.001777389569590629
501,1984-02-20,1,0.0011575209622660871,0.002493578666488593
502,1984-02-21,1,0.0029511767395987393,0.005725820866999042
503,1984-02-22,1,0.0012033245257637968,0.004683939703650131
504,1984-02-23,1,0.0014607453366050555,0.003258721360284461
505,1984-02-24,1,0.0021365639542604412,0.004326593058981094
506,1984-02-25,1,0.0018363372419783362,0.004098678519819972
507,1984-02-26,1,0.0014943428369169358,0.0029768332074137246
508,1984-02-27,1,0.0006275499226965935,0.0018346933151964923
509,1984-02-28,1,0.001642897011293212,0.004401758473911149
510,1984-02-29,1,0.0006561096674114422,0.0022503455799888854
511,1984-12-01,2,0.0017370069181184666,0.00498860827015227
512,1984-12-02,1,0.0008511085041698611,0.0019283239819964273
513,1984-12-03,1,0.0005097691043327075,0.0019057018233419392
514,1984-12-04,1,0.0001330480089117203,0.0011338660117915116
515,1984-12-05,1,0.00045426688400416744,0.0016453727625604577
516,1984-12-06,1,0.0002003573867827578,0.0016477505842681405
517,1984-12-07,1,0.0004167226661120177,0.0017411127902596856
518,1984-12-08,1,0.00040323451851935244,0.002502353537623938
519,1984-12-09,0,0.0020017422924486316,0.00482056681606085
520,1984-12-10,0,0.0046924739401742735,0.006890404388747062
521,1984-12-11,2,0.0026464533265883935,0.004578525906569028
522,1984-12-12,2,0.0024220011872073265,0.003872386570007835
523,1984-12-13,1,0.0008354984002186499,0.002748383279480803
524,1984-12-14,1,0.0012416017735249662,0.002101949608117055
525,1984-12-15,1,0.002598684444920595,0.003511406285120938
526,1984-12-16,2,0.002363582106091274,0.005190200847722863
527,1984-12-17,1,0.0010909848328961931,0.003172856350075543
528,1984-12-18,1,0.0005966378523253287,0.002318585108311175
529,1984-12-19,1,0.0017468350323451224,0.004988954848447379
530,1984-12-20,1,0.0016817681408034923,0.003230594349495701
531,1984-12-21,0,0.0026598726484929674,0.0048079387504046224
532,1984-12-22,0,0.00361934684247442,0.0064378977479750315
533,1984-12-23,0,0.004351308397680873,0.005013334684833051
534,1984-12-24,1,0.0007638754024651474,0.0028992774430642732
535,1984-12-25,1,0.0009477957234343054,0.0032459935182684854
536,1984-12-26,0,0.0023840078018436787,0.005446564045326606
537,1984-12-27,0,0.00492658088653077,0.0071340884696549705
538,1984-12-28,0,0.0034430562548518795,0.004693473591835523
539,1984-12-29,0,0.007728320701425,0.010923365868173534
540,1984-12-30,1,-0.0007533291104507691,0.0023080403258747173
541,1984-12-31,1,0.00041733265947552206,0.002097630191825888
542,1985-01-01,1,0.0011019672820639834,0.0028565040913590624
543,1985-01-02,1,0.0014474674356962523,0.005160932043760708
544,1985-01-03,1,0.0006824391867607874,0.0015871065899652841
545,1985-01-04,1,9.762997100382362e-05,0.00041293313963329845
546,1985-01-05,1,0.00013080941257745388,0.0005110557917464224
547,1985-01-06,1,0.00025151361940314003,0.0011565044761766452
548,1985-01-07,1,0.000501065815640681,0.004382022364508535
549,1985-01-08,1,0.0005336015957924471,0.0036285145412385308
550,1985-01-09,1,-0.00032452812508994457,0.0014274533010327618
551,1985-01-10,1,0.0007112951066993234,0.002417757419024406
552,1985-01-11,1,0.0005728140451354781,0.002213019500114533
553,1985-01-12,1,0.0005154276878909346,0.0013398788333455777
554,1985-01-13,1,0.0002681842639029783,0.0014762299496512287
555,1985-01-14,1,0.0003335670630599874,0.0014146482675696146
556,1985-01-15,1,0.001714276315535835,0.006555402762844764
557,1985-01-16,1,0.000663655432202991,0.0016185814171286734
558,1985-01-17,1,0.0009770105164545262,0.0021682675093952788
559,1985-01-18,1,0.0003928785191101946,0.0035249885926783514
560,1985-01-19,1,0.0015356757575834509,0.0031041989202783174
561,1985-01-20,1,0.0008269019832637406,0.002881652081126453
562,1985-01-21,1,0.0016570651726133534,0.006373844620684823
563,1985-01-22,1,6.155509504193113e-05,0.0031608158699871804
564,1985-01-23,1,0.0004490187089643964,0.0013491247576925757
565,1985-01-24,1,0.00029198278997726637,0.0015856826447127098
566,1985-01-25,1,0.00013012159574362893,0.0005181471980346465
567,1985-01-26,1,3.2805814469726825e-06,0.000791382148039549
568,1985-01-27,1,0.00015687688955969264,0.000635093056430327
569,1985-01-28,1,0.001954445904595892,0.0033965489417814273
570,1985-01-29,1,0.002393007414428303,0.003429136561314615
571,1985-01-30,1,0.0011846576556846533,0.0029827832796093853
572,1985-01-31,1,0.0013334628054052985,0.002482466097583195
573,1985-02-01,1,0.00048229779021885673,0.0012063765060930619
574,1985-02-02,1,0.0005178782619718362,0.0014364982237559352
575,1985-02-03,2,0.001670782662811934,0.004938858399805118
576,1985-02-04,1,0.0008008609983815079,0.0021306197116265184
577,1985-02-05,1,0.0012748971488064581,0.003219065354281524
578,1985-02-06,1,0.0005915887033907066,0.0016047491343408517
579,1985-02-07,0,0.00560213727080184,0.00843426889881964
580,1985-02-08,3,0.00577483728281824,0.009750512027502494
581,1985-02-09,1,0.0016802185703076475,0.004235164890554934
582,1985-02-10,1,0.0016410912996574145,0.003126441290263352
583,1985-02-11,0,0.0032560112938841575,0.005072230804372377
584,1985-02-12,1,0.0008649210623663205,0.002779207955540488
585,1985-02-13,1,0.0008297225500079293,0.0027946317251151694
586,1985-02-14,1,0.0006239834234384248,0.0014390989822406573
587,1985-02-15,1,0.0005469620623548302,0.002021389009304736
588,1985-02-16,1,-5.290148447951911e-05,0.002247223806690753
589,1985-02-17,1,0.00033630744808335974,0.0012908176141633138
590,1985-02-18,1,0.0004916881124570404,0.0012877863932905026
591,1985-02-19,2,0.0033858342663655116,0.0062086989386348395
592,1985-02-20,1,0.0018334631502563965,0.004764530131277334
593,1985-02-21,1,0.0024576197610857316,0.004450459729320272
594,1985-02-22,1,0.001977507416978374,0.0034861333339810357
595,1985-02-23,0,0.0017579665585220066,0.005266229644280509
596,1985-02-24,0,0.004634614743123521,0.007132803314524512
597,1985-02-25,1,0.003456523797867789,0.0063419856145375516
598,1985-02-26,1,0.0009004109956194951,0.0029011684008935766
599,1985-02-27,1,0.0013456038176726645,0.0033728211968999675
600,1985-02-28,1,0.001505380166243158,0.004838343583481257
601,1985-12-01,2,0.0019417491218675143,0.004605566092697041
602,1985-12-02,3,0.006674561412335674,0.009186061560961733
603,1985-12-03,2,0.004406621348901929,0.008029196048220884
604,1985-12-04,1,0.0007609773549863299,0.003098028628340674
605,1985-12-05,1,0.0004499841608074492,0.0014260888994118586
606,1985-12-06,1,0.0017454918444351625,0.002582786407916737
607,1985-12-07,2,0.0027004944590303514,0.0052620705402136765
608,1985-12-08,1,0.0011730812088488237,0.005459023448147231
609,1985-12-09,1,0.0005773927611751785,0.004504152418190073
610,1985-12-10,1,0.001081091477694473,0.0028966998252134913
611,1985-12-11,1,0.0021270297788752784,0.004662413556080965
612,1985-12-12,1,-0.0002019022830061478,0.006194552325517975
613,1985-12-13,1,0.00022675035136412574,0.001877259216343989
614,1985-12-14,1,0.000849819055592683,0.0030319951139137955
615,1985-12-15,1,0.0008091698881267917,0.0014304513475627567
616,1985-12-16,1,0.0005839612430695493,0.0014302613785187343
617,1985-12-17,1,0.001815220907822918,0.0035137525458218064
618,1985-12-18,1,0.0014215531476282322,0.0057524884071887715
619,1985-12-19,1,0.00024101019490407354,0.0009258399721134615
620,1985-12-20,1,0.00014026318241318924,0.0006514750143500381
621,1985-12-21,1,8.578891497674801e-05,0.0004897341029606043
622,1985-12-22,1,0.00011595161805575537,0.00047099693507650874
623,1985-12-23,1,0.0006478351693002047,0.002143809288885209
624,1985-12-24,1,0.00024068263444339055,0.0008647241954394773
625,1985-12-25,1,0.000104729444573599,0.00028872404060947604
626,1985-12-26,1,0.00034314546008857644,0.0007565777145002765
627,1985-12-27,1,0.00044729185591448165,0.001517341645451521
628,1985-12-28,1,0.00023179558014193558,0.0006959381517596246
629,1985-12-29,1,0.00035580446285144384,0.0032448499841867683
630,1985-12-30,1,0.0006486530770308545,0.0029129497166860106
631,1985-12-31,1,0.0013923514749613613,0.002799520885816308
632,1986-01-01,0,0.0046940444331707125,0.005351127989899998
633,1986-01-02,0,0.003346903072522422,0.004467788948761601
634,1986-01-03,1,0.0018993089087791103,0.0044623844976770756
635,1986-01-04,1,0.0008503717498584581,0.0019643655857021396
636,1986-01-05,3,0.005695264500281568,0.006676296214184959
637,1986-01-06,1,0.0011150045477284773,0.006380986427453962
638,1986-01-07,1,0.0005683788750834333,0.001559532476034393
639,1986-01-08,1,0.0008119206883441003,0.0016058900027933296
640,1986-01-09,1,0.0005554081830396278,0.0012643506587561245
641,1986-01-10,1,0.0003244721531684641,0.0018666170106832515
642,1986-01-11,1,0.0004294676812233917,0.0012645402697589576
643,1986-01-12,1,1.921800469301875e-05,0.00018553348021295852
644,1986-01-13,1,0.00032562250390887835,0.001147446966144069
645,1986-01-14,1,0.0003374420839183571,0.0015169094146422317
646,1986-01-15,2,0.001972569359843624,0.003107813725680183
647,1986-01-16,3,0.008384351570907748,0.00909048393563089
648,1986-01-17,1,0.0008101429935514648,0.006307206038457794
649,1986-01-18,0,0.0016978195969205897,0.007133349088664654
650,1986-01-19,0,0.0025747862003239357,0.008361556562772968
651,1986-01-20,2,0.0047829791215582155,0.007336000079472222
652,1986-01-21,1,0.00014384412535309592,0.0038882230743683263
653,1986-01-22,1,0.0015820538043865259,0.002363117155945363
654,1986-01-23,0,0.0037939825553795696,0.005027372794176155
655,1986-01-24,1,0.0011446747178644548,0.002141886150941453
656,1986-01-25,1,0.0010370410850545609,0.002403176367952753
657,1986-01-26,1,0.000725445345734795,0.0015680958352182108
658,1986-01-27,1,0.0011473153692939037,0.0021117330585586455
659,1986-01-28,1,0.0008836293854195913,0.002499623372031274
660,1986-01-29,0,0.0026610930263894187,0.005644088258167709
661,1986-01-30,2,0.001997311813022928,0.004869473018793579
662,1986-01-31,1,0.0010294475083352883,0.00293206216524724
663,1986-02-01,1,0.0023419405699659657,0.003122238129053069
664,1986-02-02,2,0.004458899171716346,0.006494475813763419
665,1986-02-03,1,0.0020196022895601915,0.0046393829190596305
666,1986-02-04,1,0.0012727731650511984,0.004106096397952664
667,1986-02-05,1,0.0018223701281136814,0.003980854975912641
668,1986-02-06,1,0.0008486703874450378,0.003126881559025656
669,1986-02-07,1,0.0003133006313610569,0.001782507357409367
670,1986-02-08,1,0.000659277839931039,0.0013244026480608065
671,1986-02-09,1,0.0012456314903064197,0.0022189761388710636
672,1986-02-10,1,0.000324107014978616,0.0034651418694629254
673,1986-02-11,1,0.0006303130682191657,0.002668011197203575
674,1986-02-12,3,0.006166002515833894,0.009332704408677134
675,1986-02-13,2,0.003906836833925134,0.00905813682538626
676,1986-02-14,3,0.009560942964755919,0.009791783625878727
677,1986-02-15,3,0.009287267273474988,0.014208320754977915
678,1986-02-16,3,0.012326392392956196,0.01356470918935692
679,1986-02-17,3,0.010449742713665394,0.012784455353446498
680,1986-02-18,0,0.007325017600657015,0.009327657918928943
681,1986-02-19,2,0.006098744639319565,0.008510083552988703
682,1986-02-20,2,0.003001698368654742,0.007071067298433703
683,1986-02-21,0,0.0057137790892134955,0.007858579962849974
684,1986-02-22,3,0.00924343545976694,0.01087496533113264
685,1986-02-23,2,0.006521646567801432,0.006467237835079749
686,1986-02-24,2,0.0033032785336125792,0.0077428074306012526
687,1986-02-25,0,0.0025063126354522847,0.005437231823744879
688,1986-02-26,1,0.0012993936608186331,0.004186486310657351
689,1986-02-27,1,0.000543798984216978,0.0015781628965613956
690,1986-02-28,1,0.0013074743962486904,0.0041355545190622945
691,1986-12-01,1,0.0004777011333931334,0.0023889438717243244
692,1986-12-02,1,0.0003714910801922983,0.001394506142232179
693,1986-12-03,1,0.00021670916914513444,0.0004971535576984513
694,1986-12-04,1,0.0006993235200327346,0.0014465560132119538
695,1986-12-05,1,0.0018209658362496235,0.0034389426208471176
696,1986-12-06,1,3.5902798198341076e-06,0.0036143553665799436
697,1986-12-07,1,0.0008254178986509086,0.0017263519865864535
698,1986-12-08,1,0.0024595666371191767,0.004349438784873396
699,1986-12-09,1,0.0006740501458172682,0.002704078240481849
700,1986-12-10,1,0.0006130310586226713,0.0021137818905249306
701,1986-12-11,1,0.0004488317155934546,0.0017014256451135933
702,1986-12-12,1,0.00010090277562902934,0.00035122388355950774
703,1986-12-13,1,0.0005951079956045261,0.0019058892826988927
704,1986-12-14,1,2.4648809309366934e-05,0.0007555112081925945
705,1986-12-15,1,0.0002114741488022529,0.0019037552629321318
706,1986-12-16,1,0.00021059957289476896,0.0007043806874381218
707,1986-12-17,1,8.134593099988473e-05,0.0002727947469433668
708,1986-12-18,1,7.623963807198177e-05,0.0009908574814620486
709,1986-12-19,1,0.00013908912788834624,0.000864729015733649
710,1986-12-20,1,0.0002892423628280148,0.0009423686374784472
711,1986-12-21,1,0.00031548450556806993,0.001139282083596166
712,1986-12-22,1,0.0008066214619852942,0.002217639625251461
713,1986-12-23,1,0.00058274578393462,0.0016536796103765426
714,1986-12-24,1,0.0001784677765707192,0.0008234741136257227
715,1986-12-25,1,0.00035312057894332227,0.0007786587972879209
716,1986-12-26,1,0.0005253821674684157,0.0012270308843059469
717,1986-12-27,1,0.00032832177814793337,0.0015672098760506922
718,1986-12-28,1,8.506662173806709e-05,0.0008174930977259225
719,1986-12-29,0,0.0017496722708025781,0.00423612652703294
720,1986-12-30,1,0.0013969147449490339,0.0024750674972808394
721,1986-12-31,1,0.0010412863608878081,0.0019255565728175388
722,1987-01-01,3,0.0063682631087973755,0.007872684403788141
723,1987-01-02,1,-0.00022790046119682537,0.004479819324038265
724,1987-01-03,0,0.002453111940067447,0.003691680193049356
725,1987-01-04,2,0.003940132821788948,0.006641016648532924
726,1987-01-05,2,0.0024423736658981,0.006527422886004707
727,1987-01-06,1,-0.0006445343059092939,0.00467568215538763
728,1987-01-07,1,0.0006366985104849399,0.0021356132486910658
729,1987-01-08,1,0.0001554676519782084,0.0005068175943680841
730,1987-01-09,1,0.0003820130531159528,0.000956773656963668
731,1987-01-10,1,0.0004383871188942894,0.0016304966242202438
732,1987-01-11,1,8.304842402524471e-05,0.0008315222940725974
733,1987-01-12,1,0.0003813941045710638,0.001168008081825017
734,1987-01-13,1,0.001892571023570086,0.0029185399420668364
735,1987-01-14,1,0.0018160352677364477,0.003116333251695581
736,1987-01-15,1,0.00028500203474642706,0.0017921929274998965
737,1987-01-16,1,0.0003481749603072759,0.0012030332547806179
738,1987-01-17,1,0.00047669747611634805,0.0009561306233088891
739,1987-01-18,1,0.0018047855212185106,0.003208145368267567
740,1987-01-19,1,0.0005484346561899887,0.0029608043544086084
741,1987-01-20,1,0.001028297181494753,0.0038927488477833935
742,1987-01-21,1,0.0007802836414075092,0.0019708718200621795
743,1987-01-22,1,0.0006973763697981297,0.0021061989389692956
744,1987-01-23,1,0.00024114366808899055,0.001729204756619539
745,1987-01-24,2,0.004417458056912563,0.006260935385553817
746,1987-01-25,0,0.004225270707010789,0.006285132637596168
747,1987-01-26,0,0.0028672784704252496,0.00591611764343501
748,1987-01-27,1,0.001525965811316822,0.003168259578350093
749,1987-01-28,2,0.0062531556173537955,0.00826463623211971
750,1987-01-29,1,0.0007050283054706781,0.0019237559212737785
751,1987-01-30,1,0.001988831644008991,0.0028910981808478774
752,1987-01-31,0,0.00394992321529647,0.007969173178381127
753,1987-02-01,0,0.0018090732517161289,0.0041019547608962936
754,1987-02-02,1,0.0013595579883548278,0.0023845369332421494
755,1987-02-03,1,0.0015683146231622244,0.0039899418915182745
756,1987-02-04,1,9.18979499975413e-05,0.002139142565243189
757,1987-02-05,1,0.0003103083107516376,0.0008791910872322174
758,1987-02-06,1,0.0005573068136562459,0.0028655776403717767
759,1987-02-07,1,-1.0707088184206442e-05,0.000716333191619503
760,1987-02-08,1,8.63770717921722e-05,0.00026153127050967094
761,1987-02-09,1,0.00018241125548146498,0.0008060116758140882
762,1987-02-10,1,-0.0001722823873829729,0.0019257302249123178
763,1987-02-11,1,0.00037476895925734726,0.001445239072913298
764,1987-02-12,1,0.000622694933836065,0.0020164521268471384
765,1987-02-13,3,0.005868942729658261,0.0065851588109338
766,1987-02-14,1,0.0014645158767117887,0.011954181518313543
767,1987-02-15,1,0.00018291414091393423,0.003425965445320378
768,1987-02-16,1,0.0005952182095979407,0.0013089137038298372
769,1987-02-17,1,0.0011364256162690266,0.0024796399897438408
770,1987-02-18,1,0.00211318923398283,0.0028587798054255462
771,1987-02-19,1,0.0011114398629144097,0.002230040998584054
772,1987-02-20,1,0.00040546910799964546,0.0013022140301134778
773,1987-02-21,1,0.0006843512212520544,0.0016849024681980733
774,1987-02-22,0,0.004044967245818666,0.0058001486290434594
775,1987-02-23,2,0.004400250363889389,0.006333876723337263
776,1987-02-24,2,0.0024392691012808526,0.006031905083749121
777,1987-02-25,1,0.00036417670176983025,0.0037501431576828035
778,1987-02-26,1,0.001253196970411325,0.00310911180430218
779,1987-02-27,1,0.0007530045511118397,0.002022613536070978
780,1987-02-28,0,0.001985531999477712,0.0044782851338861646
781,1987-12-01,0,0.005504043663785376,0.00875322514012925
782,1987-12-02,0,0.0031355143613684845,0.006830365527565306
783,1987-12-03,1,0.0004240312459718734,0.003968798993797179
784,1987-12-04,1,0.0003353812993830339,0.0011013480334728834
785,1987-12-05,1,0.00028330945802533243,0.0008647376670841716
786,1987-12-06,0,0.004720052943197165,0.0058755599335194265
787,1987-12-07,1,0.002469952233324218,0.00522096480895024
788,1987-12-08,2,0.0020782386090691133,0.004057422773916236
789,1987-12-09,0,0.005528385282735342,0.007910989075345551
790,1987-12-10,2,0.0051413991248177825,0.0069899773878763435
791,1987-12-11,2,0.0026430498914390035,0.004265135303406997
792,1987-12-12,2,0.003397957301177575,0.005714289685721902
793,1987-12-13,1,0.0012610555947613839,0.0024213316978858074
794,1987-12-14,1,0.0014160944665798725,0.002514696680916907
795,1987-12-15,1,0.0005938138964075556,0.0012585015468406736
796,1987-12-16,1,0.0012325651757126052,0.0023647776023534516
797,1987-12-17,1,5.4495661223721785e-05,0.002032204902922023
798,1987-12-18,1,0.000520710164342076,0.0014395809295455557
799,1987-12-19,1,0.0011459412420878456,0.0024826875923482233
800,1987-12-20,0,0.002138259099760565,0.003726347646754301
801,1987-12-21,2,0.002766545434840503,0.0038678293446416188
802,1987-12-22,2,0.00469222079372757,0.00805261679265285
803,1987-12-23,2,0.0031148047329703763,0.006705506665471136
804,1987-12-24,1,0.00033044141554304713,0.0015513748289716302
805,1987-12-25,1,0.0009905096537739344,0.0021854908947899834
806,1987-12-26,1,0.0011378939500561384,0.002298187901116067
807,1987-12-27,1,0.0004219937837146304,0.0019473798553284096
808,1987-12-28,1,0.0009299003232391171,0.0022381644308746406
809,1987-12-29,1,0.001447272290423296,0.0035907295512396815
810,1987-12-30,1,0.0010486792970627562,0.004580123259247125
811,1987-12-31,1,0.001835751160878974,0.0033024449258277967
812,1988-01-01,1,0.00028024840760232296,0.0016195443472285852
813,1988-01-02,1,0.0006174342977834015,0.0018209063400483293
814,1988-01-03,1,0.0011334481052081998,0.002126792655497129
815,1988-01-04,1,0.0016094739707846412,0.0029726238440518095
816,1988-01-05,1,0.00038651154040846545,0.0023366310447070363
817,1988-01-06,1,0.00044292215193185295,0.0026923160301942305
818,1988-01-07,1,0.0010761266931465984,0.003105322122470226
819,1988-01-08,2,0.002957915012111661,0.00418853852558326
820,1988-01-09,2,0.004614604270210338,0.006130100883996333
821,1988-01-10,3,0.009237798008376027,0.01085663546910024
822,1988-01-11,2,0.004686859555984951,0.00952980415681997
823,1988-01-12,1,0.0016314171009504616,0.0027968299071081553
824,1988-01-13,0,0.002401203316767387,0.003568395727397725
825,1988-01-14,0,0.004178897509051726,0.007648094459342488
826,1988-01-15,2,0.0039136291895707906,0.006003477492244098
827,1988-01-16,2,0.002122936975646086,0.003518787551916093
828,1988-01-17,1,0.0003620748274573534,0.002933821177764758
829,1988-01-18,1,0.0011576507345285344,0.0032658672222037775
830,1988-01-19,1,0.001139995436245235,0.00365420235771364
831,1988-01-20,1,0.001964980289164087,0.003001450013491273
832,1988-01-21,1,0.0003675380957007698,0.0020773411785512397
833,1988-01-22,0,0.002061247981916603,0.003814715695138311
834,1988-01-23,1,0.0018009129480177288,0.0036827981283683235
835,1988-01-24,1,0.0009216484502886681,0.0019375090201921082
836,1988-01-25,1,0.0007067649737451042,0.0021897169239173124
837,1988-01-26,1,0.0009790660279462159,0.002153152599773431
838,1988-01-27,1,0.0007055821353610946,0.0014962825833099505
839,1988-01-28,1,0.000980835316631483,0.0023534282126177865
840,1988-01-29,0,0.0045985823049978685,0.0075462627489518205
841,1988-01-30,2,0.0030812947332421853,0.005810419884073535
842,1988-01-31,1,0.001739828091651434,0.003511439279265038
843,1988-02-01,1,0.0005138945571499173,0.001747711108306428
844,1988-02-02,1,0.0013673396044684351,0.003194474706314632
845,1988-02-03,1,0.001910856561995887,0.003827629892654153
846,1988-02-04,1,0.0009800548379848013,0.0029068971742243405
847,1988-02-05,1,0.0006350479739191844,0.0021608794666985597
848,1988-02-06,1,0.00048748111693343565,0.0015728050298294376
849,1988-02-07,0,0.00272745660296835,0.005770437611138989
850,1988-02-08,0,0.004841395266411449,0.006485110711866477
851,1988-02-09,3,0.009749641325260367,0.010573366438732964
852,1988-02-10,1,0.0015965796366908705,0.005501036794458396
853,1988-02-11,1,0.0010129512838296891,0.0020664088459330324
854,1988-02-12,1,0.0014071046112714416,0.0025843231070061127
855,1988-02-13,2,0.0048868843435133,0.006096249699965187
856,1988-02-14,0,0.003500654628667205,0.005632968624563559
857,1988-02-15,0,0.00439957715441882,0.005296821508131115
858,1988-02-16,1,0.0012324997175092007,0.003480416728649938
859,1988-02-17,1,0.002611647049942456,0.005139063776195607
860,1988-02-18,1,0.0008960849633589313,0.002896177436287997
861,1988-02-19,1,0.0007408882733458183,0.0018188837286158641
862,1988-02-20,1,0.00046431104344030113,0.0015442237783577473
863,1988-02-21,1,0.0015133446042441977,0.0026139951511452686
864,1988-02-22,1,0.0010958018856224365,0.0030074884866332406
865,1988-02-23,1,0.00042464538624921563,0.0013183509931634907
866,1988-02-24,1,0.0008394992492568835,0.0021232964090324375
867,1988-02-25,1,0.000455604395453641,0.0014153488028774395
868,1988-02-26,1,0.0004116812207550908,0.0018344720139764359
869,1988-02-27,1,0.00046875022876269795,0.0012036165642614494
870,1988-02-28,1,0.00023735583625147025,0.0018630967726569008
871,1988-02-29,1,0.0009778686227078957,0.0021907997551626293
872,1988-12-01,1,0.00031226582464096944,0.0011615217474667712
873,1988-12-02,1,0.00032209798222585027,0.0010064075738649323
874,1988-12-03,1,4.114459385080763e-05,0.00024631681846383095
875,1988-12-04,1,0.00010498911156990277,0.0005291004458535057
876,1988-12-05,1,0.0001640359848696469,0.0009024267685172381
877,1988-12-06,1,0.0024768035030503493,0.005012607335865708
878,1988-12-07,1,0.0005514104834156049,0.003292347415422619
879,1988-12-08,1,0.0010351309661516099,0.0028660293692531627
880,1988-12-09,1,0.0008167055078176917,0.002476495895318119
881,1988-12-10,1,0.0003951960680186878,0.0015606216916644034
882,1988-12-11,1,0.00019815564724903824,0.003189359313055455
883,1988-12-12,1,0.0014030108727684865,0.004973588786355625
884,1988-12-13,1,0.0011308964995653203,0.0022886181788960907
885,1988-12-14,2,0.002850108514301758,0.005218505907662092
886,1988-12-15,1,0.00033984123747405877,0.0010800162442818934
887,1988-12-16,1,0.0004027163370153719,0.0009356113659705564
888,1988-12-17,1,0.0002507277276283259,0.000776879488664537
889,1988-12-18,1,6.955324314348281e-05,0.001343719392809276
890,1988-12-19,2,0.002507575073808767,0.004344758002930473
891,1988-12-20,2,0.0026445163406541533,0.0037873251528157685
892,1988-12-21,2,0.004870663681004077,0.006331184179457469
893,1988-12-22,2,0.003455830927827428,0.005196041760090747
894,1988-12-23,2,0.0022943157351523026,0.0038860690758248826
895,1988-12-24,1,0.0019700089815379513,0.0033747787119070994
896,1988-12-25,2,0.0030592660472899126,0.0050736000811960336
897,1988-12-26,1,0.001033175045852389,0.0036822808001159115
898,1988-12-27,1,0.000651090375849925,0.001467851046779513
899,1988-12-28,1,0.0003088174877366377,0.0010813735605001516
900,1988-12-29,0,0.0025730215568370786,0.004686714561657045
901,1988-12-30,0,0.0020699832692934435,0.006024882408389415
902,1988-12-31,1,0.0014129308552453925,0.0035109645970913474
903,1989-01-01,1,0.0009272308108975537,0.0022313280939182953
904,1989-01-02,0,0.00218127397526014,0.0036247902541431958
905,1989-01-03,1,0.00038119281718381457,0.003139416687667331
906,1989-01-04,1,0.0012925261906519899,0.0036434985502829726
907,1989-01-05,3,0.00592920053036131,0.007077199965849426
908,1989-01-06,2,0.0019363708924700531,0.006967898658374649
909,1989-01-07,2,0.0015544887369776388,0.0035167546670460082
910,1989-01-08,0,0.004759777806923643,0.00499664193625093
911,1989-01-09,3,0.010531841031028796,0.011354295811592143
912,1989-01-10,3,0.006483194438093033,0.009813383292102391
913,1989-01-11,1,0.001260903846082914,0.004036118550328248
914,1989-01-12,1,0.0008755693936676822,0.0014811926557590834
915,1989-01-13,0,0.0024117586488448988,0.0036415156841655676
916,1989-01-14,1,0.0016450549511499188,0.0035962959033017123
917,1989-01-15,0,0.003160637346423061,0.006426404383795348
918,1989-01-16,0,0.0034552734765254996,0.008118646855704978
919,1989-01-17,1,0.0013462403875237033,0.0032967681717586354
920,1989-01-18,1,0.0009771362676108271,0.0022695546973843027
921,1989-01-19,1,0.00016150637301355107,0.001593076042809038
922,1989-01-20,1,0.00021222500421143296,0.0008866465579983529
923,1989-01-21,0,0.0027251900956164112,0.004909063955116474
924,1989-01-22,0,0.003948895134245174,0.009120609024171089
925,1989-01-23,1,-0.00035414273540040897,0.006843475631490784
926,1989-01-24,1,0.0003335717197481161,0.002270156001631246
927,1989-01-25,1,0.0005439687470655598,0.0015914953317718603
928,1989-01-26,1,0.000866265041102069,0.0015601304656200387
929,1989-01-27,1,0.0003121959880178428,0.0009124586055003008
930,1989-01-28,1,0.000753618810340136,0.001981688140281156
931,1989-01-29,1,0.0007504826277886837,0.001571507480075747
932,1989-01-30,0,0.0014522187052799977,0.004414896898974425
933,1989-01-31,0,0.002954253784948182,0.0052689812642186295
934,1989-02-01,3,0.006503106017330582,0.008878008063944419
935,1989-02-02,1,0.0006152035394016982,0.00834361411737104
936,1989-02-03,1,0.0012814297971713475,0.003526305594430298
937,1989-02-04,1,0.0006933541827521298,0.0026044373630082257
938,1989-02-05,1,-7.797317800894094e-05,0.0018837877642379661
939,1989-02-06,1,-0.0002085624244094477,0.003159001174157148
940,1989-02-07,1,0.00032085345049433125,0.0015522887506206908
941,1989-02-08,1,0.0003534146767735501,0.0012096992900066435
942,1989-02-09,1,0.000907394362032754,0.001951177348387359
943,1989-02-10,1,0.0008257314403230816,0.0017857499923945848
944,1989-02-11,1,0.00034269293666572953,0.0015204838342017645
945,1989-02-12,1,0.0008712279062992469,0.002555842678974804
946,1989-02-13,1,0.001111234249070552,0.0021469672726548016
947,1989-02-14,1,0.0003190854585960793,0.0025025067087139914
948,1989-02-15,1,0.0009433315715469651,0.0016423438267887031
949,1989-02-16,1,0.0017407830526814984,0.0033971261635171745
950,1989-02-17,1,0.0015749030965599691,0.003654351729817693
951,1989-02-18,2,0.002894614706587863,0.0035665016060280547
952,1989-02-19,1,0.0020045013026530265,0.0038864786002922444
953,1989-02-20,1,0.001842738318817523,0.003246666820646824
954,1989-02-21,1,0.00031932190421979075,0.004890658220496873
955,1989-02-22,0,0.0034276729886109363,0.00488831335153331
956,1989-02-23,1,-7.425434409867303e-05,0.003308531536636865
957,1989-02-24,1,0.0018640781261493318,0.002809792731516882
958,1989-02-25,1,0.0010190883957896678,0.0019034609427873831
959,1989-02-26,2,0.002398948883421198,0.004076133099161795
960,1989-02-27,1,0.0024846124277792584,0.004235013975463936
961,1989-02-28,1,0.0009357432196152311,0.003978984940424405
962,1989-12-01,1,0.00017263307461746173,0.0005850163742936055
963,1989-12-02,1,0.0005438047090821828,0.0012629414676797017
964,1989-12-03,1,0.0006352094368769977,0.0020798930207425884
965,1989-12-04,0,0.003147165363137492,0.008184654194266882
966,1989-12-05,1,0.001081100043542947,0.00726745213401584
967,1989-12-06,4,0.004367647415760834,0.0057796401822885375
968,1989-12-07,1,0.0003575903494591079,0.001829394676730147
969,1989-12-08,4,0.003251482977165108,0.006257138640977447
970,1989-12-09,4,0.004259271873536959,0.005947238259172697
971,1989-12-10,2,0.002918580791595707,0.005368330716437906
972,1989-12-11,1,0.0005589784097774244,0.002143642523405044
973,1989-12-12,1,0.0007592415617367873,0.0025809991135335233
974,1989-12-13,1,0.002652400200608459,0.009964874729515986
975,1989-12-14,2,0.004855172657424946,0.010287769996085813
976,1989-12-15,1,0.002043492287578304,0.005368727317038098
977,1989-12-16,1,0.0018977833686400546,0.0032211228641924688
978,1989-12-17,2,0.0024611445107253966,0.0030260458404689308
979,1989-12-18,1,0.0009781917318904415,0.003295279673230909
980,1989-12-19,0,0.0028767557943625735,0.006035732898867668
981,1989-12-20,1,0.0017898218525637943,0.005115969428368828
982,1989-12-21,1,0.0013732642727008685,0.003264916851674238
983,1989-12-22,1,0.0007590365380237993,0.0025816687162096797
984,1989-12-23,1,0.0009758598775657685,0.0022641757079112155
985,1989-12-24,1,0.0003741358400060653,0.0013328363261261354
986,1989-12-25,1,0.0001471290392912857,0.0007762325757389685
987,1989-12-26,1,0.00033523535349624613,0.0010745695660670772
988,1989-12-27,1,9.109189203463466e-05,0.0012083816542802098
989,1989-12-28,1,8.927776347927085e-05,0.002074827131192922
990,1989-12-29,1,0.001710349580236403,0.005861385607878258
991,1989-12-30,1,0.000795649354746686,0.0016810226144894093
992,1989-12-31,1,0.000934784052891608,0.001569601195661571
993,1990-01-01,0,0.002781071918075755,0.004531805468462844
994,1990-01-02,4,0.003889455246825174,0.007515437106515838
995,1990-01-03,1,0.001388279236212479,0.0029229307427377006
996,1990-01-04,4,0.004545132119358524,0.00591845716932849
997,1990-01-05,1,0.0008478341710658345,0.0025102810527142493
998,1990-01-06,0,0.0035725780990294317,0.0065725398190345325
999,1990-01-07,3,0.009590352717680687,0.011270311415118894
1000,1990-01-08,0,0.005888032854710674,0.008091779854109403
1001,1990-01-09,0,0.002969398543735765,0.00985581637671161
1002,1990-01-10,1,0.0008703701595286622,0.003108955565787454
1003,1990-01-11,1,0.0007628300917771558,0.0016111640753683864
1004,1990-01-12,1,0.0006219142342498223,0.0021163359662869563
1005,1990-01-13,2,0.003845028768018106,0.0071392569171972115
1006,1990-01-14,2,0.003067912604001521,0.005387867039239042
1007,1990-01-15,1,0.0019535841947303043,0.005725498988101116
1008,1990-01-16,1,0.000662332639192536,0.0026507116991144565
1009,1990-01-17,1,0.0005344113419509912,0.001497416831949869
1010,1990-01-18,1,0.0003309435252293941,0.0008609499198327218
1011,1990-01-19,1,0.0005144574033006452,0.0013720919862789866
1012,1990-01-20,1,0.00036339335345866424,0.0011352657006776436
1013,1990-01-21,1,0.0005436588738579623,0.0026467184258283432
1014,1990-01-22,0,0.0033817428719864675,0.006438338120014431
1015,1990-01-23,0,0.005451310726615878,0.005883369558762768
1016,1990-01-24,1,0.0023614967775289165,0.0041463002757660475
1017,1990-01-25,0,0.0038693886744211817,0.0071596868070406385
1018,1990-01-26,2,0.0034400410129403988,0.0033307852014197357
1019,1990-01-27,0,0.00437881642798258,0.006389530983227853
1020,1990-01-28,0,0.006118821466600854,0.009292351140689067
1021,1990-01-29,0,0.0058186650683462,0.0067672687747266595
1022,1990-01-30,0,0.004529088222377833,0.005099451345077543
1023,1990-01-31,0,0.002919306379823808,0.004692108198995477
1024,1990-02-01,0,0.00243587920498898,0.0038094273987484524
1025,1990-02-02,1,0.0012745184994831184,0.0031044136041351723
1026,1990-02-03,1,0.001189470480278259,0.0018607010888727481
1027,1990-02-04,1,0.0022544312147625384,0.004509610873263248
1028,1990-02-05,1,0.0016480525070363308,0.0032829831729065447
1029,1990-02-06,0,0.00411933587980791,0.004821189007203238
1030,1990-02-07,1,0.002039924518718217,0.005043539708889769
1031,1990-02-08,0,0.0050449631353120545,0.006033834251060675
1032,1990-02-09,4,0.005777084017440325,0.008980955256011091
1033,1990-02-10,4,0.003668799980205045,0.009334326323959571
1034,1990-02-11,1,0.0017892941404138699,0.00351694562527604
1035,1990-02-12,2,0.005129595791969359,0.007448516179915113
1036,1990-02-13,1,0.0010663804713452196,0.0036280614853377233
1037,1990-02-14,1,0.00048282953078113453,0.0018685028324993318
1038,1990-02-15,1,0.0007747221680092137,0.0022273539662118072
1039,1990-02-16,2,0.0036008172045089723,0.005791586518134083
1040,1990-02-17,2,0.002293759552430184,0.004169923072530936
1041,1990-02-18,2,0.0017514142514253473,0.003729794556507861
1042,1990-02-19,1,0.0008316330628578099,0.0029580141383395726
1043,1990-02-20,0,0.0018517091691304345,0.004804634836690257
1044,1990-02-21,4,0.0017533624558663233,0.006989553338338902
1045,1990-02-22,1,0.0007490580830536023,0.001966390562712706
1046,1990-02-23,1,0.0007579482861420552,0.003581001975099881
1047,1990-02-24,1,0.00048817892586425384,0.0020684625960341566
1048,1990-02-25,1,0.00033266561834464274,0.000909325868380652
1049,1990-02-26,1,0.000521310428909933,0.0012154720701779813
1050,1990-02-27,1,0.0008384082143667781,0.0036317402738481005
1051,1990-02-28,1,0.0003411000187825165,0.0010053548480618922
1052,1990-12-01,0,0.0032214877932918535,0.004630140152272261
1053,1990-12-02,1,0.0017173791409415726,0.0024708189332785886
1054,1990-12-03,1,0.0012720593288069399,0.0024684989108441687
1055,1990-12-04,1,0.0013436259881663352,0.003240435081191339
1056,1990-12-05,1,0.0007020046540147969,0.0021447926832873863
1057,1990-12-06,1,0.0007162738638527447,0.0029547868679167173
1058,1990-12-07,1,0.0006284936644699564,0.001590685753056296
1059,1990-12-08,1,0.0005202794976350408,0.0010191255367057908
1060,1990-12-09,1,0.0010033622435788804,0.0033389446093797376
1061,1990-12-10,4,0.002743368722390982,0.006579826893422073
1062,1990-12-11,2,0.0033321625385084853,0.007688796408423974
1063,1990-12-12,1,0.0013837094563851817,0.0027474443398290034
1064,1990-12-13,2,0.0048378056945473326,0.00704030240714592
1065,1990-12-14,1,-0.00015907399164677926,0.00355040371446133
1066,1990-12-15,1,0.000661015146127034,0.0013966764092776616
1067,1990-12-16,1,0.00145164646084026,0.002574040689102335
1068,1990-12-17,4,0.0073649662342417975,0.011151282267712543
1069,1990-12-18,3,0.007431883501669453,0.009873935514131979
1070,1990-12-19,1,0.0018525279713519115,0.004744991630706806
1071,1990-12-20,1,0.0005866445182205195,0.002097225650116089
1072,1990-12-21,1,0.0006695709116653961,0.0012634913470677153
1073,1990-12-22,1,0.000902448621022905,0.004556097006955445
1074,1990-12-23,1,0.0017394829346182876,0.003391558742915276
1075,1990-12-24,1,0.0017589994538631782,0.0036313307327912586
1076,1990-12-25,1,0.001026790195480996,0.0018811457447891725
1077,1990-12-26,4,0.0021585266590677787,0.004126290931028018
1078,1990-12-27,4,0.004781789562641186,0.007390072099729054
1079,1990-12-28,1,0.0021842696114149473,0.003374414586120168
1080,1990-12-29,1,0.0012288537441732894,0.002774816814876188
1081,1990-12-30,1,0.0020541363991902835,0.0038409102156359122
1082,1990-12-31,4,0.0033781163804691805,0.010365343642515944
1083,1991-01-01,4,0.001547647418190359,0.006686865083936321
1084,1991-01-02,1,0.001316525520937686,0.004637435687062707
1085,1991-01-03,1,0.0002839318472309931,0.0011452376318967761
1086,1991-01-04,1,0.0006767744422148632,0.0023426815987974752
1087,1991-01-05,1,-7.201347013513672e-05,0.0035373591089103815
1088,1991-01-06,1,0.0008202383766268622,0.0014722831186783853
1089,1991-01-07,0,0.003879667468042118,0.006010217017827084
1090,1991-01-08,1,0.0010599574617605621,0.00433454353488034
1091,1991-01-09,1,0.0013110045704342137,0.0030138430110625116
1092,1991-01-10,1,0.0016294455465996598,0.002750255436257952
1093,1991-01-11,0,0.002184709110184547,0.0054568286200705534
1094,1991-01-12,0,0.004578035365224375,0.00627989110458561
1095,1991-01-13,4,0.00457988107730083,0.006443983103719537
1096,1991-01-14,2,0.005623175300199746,0.005244799782701781
1097,1991-01-15,2,0.005319866014576394,0.006020971956109113
1098,1991-01-16,1,0.0014488905407577096,0.004130626172034054
1099,1991-01-17,1,0.0011106679186419584,0.0018673966095558586
1100,1991-01-18,1,0.002290433281791361,0.004775477357141694
1101,1991-01-19,1,0.0020388399324710463,0.0037900110379525728
1102,1991-01-20,1,0.0004825078656181054,0.0014695102109312144
1103,1991-01-21,1,0.0007640262588811628,0.0015858342027644866
1104,1991-01-22,1,0.001802235576212862,0.003932626461844027
1105,1991-01-23,1,0.0014775289382516666,0.0030166599423277307
1106,1991-01-24,1,0.0026771495000315125,0.005023082405320997
1107,1991-01-25,1,0.00036701983237118083,0.0010763504857442677
1108,1991-01-26,1,0.0015069386386529213,0.0027767190202881743
1109,1991-01-27,1,0.0015011837378316715,0.0022338880567090973
1110,1991-01-28,1,0.002409612055664492,0.004234244550142387
1111,1991-01-29,1,0.0004968821524989666,0.0014352030854538718
1112,1991-01-30,1,0.001168263336787339,0.0018506162614310745
1113,1991-01-31,1,0.0016419687879502157,0.002588697938859427
1114,1991-02-01,1,0.0010974526288102643,0.0030567303414978583
1115,1991-02-02,1,0.0008389310451738313,0.0020308916285054954
1116,1991-02-03,1,0.0008359986626924015,0.0021411628331013217
1117,1991-02-04,1,0.0005263041868978572,0.0013217400383905289
1118,1991-02-05,1,0.0004020835093155711,0.0011082492527300905
1119,1991-02-06,1,0.0002377866118964582,0.0012396747892659279
1120,1991-02-07,1,0.00019238333844789543,0.001137989315481106
1121,1991-02-08,1,3.106795126438793e-05,0.00022391152095660975
1122,1991-02-09,1,2.3271415207539535e-05,0.0002762032956117126
1123,1991-02-10,1,9.825843404921479e-05,0.0006474274834158346
1124,1991-02-11,1,0.00026351398923661954,0.0006962847336669019
1125,1991-02-12,4,0.002379246186253871,0.00460863679490105
1126,1991-02-13,2,0.00275007202246832,0.004035022420487058
1127,1991-02-14,1,0.002121308031267805,0.005415180260439972
1128,1991-02-15,1,0.0020596242815373394,0.003226539234931575
1129,1991-02-16,2,0.005888484992184746,0.007845111911873339
1130,1991-02-17,1,0.001108381110913452,0.006213998487071717
1131,1991-02-18,1,0.0015045102520477587,0.0026584041807349145
1132,1991-02-19,4,0.004993710634413182,0.010978099530294303
1133,1991-02-20,1,0.0007805525152438326,0.002747988941122147
1134,1991-02-21,1,0.0005367402853984389,0.0024726061706840893
1135,1991-02-22,1,0.0007384541294549095,0.0017193240175495056
1136,1991-02-23,1,0.0015475776447380202,0.003392898804472786
1137,1991-02-24,1,0.0009937312001230823,0.001931441175600359
1138,1991-02-25,1,0.0006389795776439871,0.0016336784028684573
1139,1991-02-26,1,0.0007434829809434112,0.002213488164522168
1140,1991-02-27,1,0.000936864351710776,0.0019924122367383818
1141,1991-02-28,2,0.004077264554189505,0.005761297365189522
1142,1991-12-01,4,0.00610691178386193,0.007853011902912821
1143,1991-12-02,2,0.00330535741815918,0.005607718643471866
1144,1991-12-03,1,0.0014624334293942408,0.0031122958091682573
1145,1991-12-04,1,0.001541628540694021,0.002298789670428465
1146,1991-12-05,4,0.003863749764917781,0.008249828875878494
1147,1991-12-06,0,0.005808725812419689,0.00888153904342425
1148,1991-12-07,2,0.0034226575003578124,0.006379435181219229
1149,1991-12-08,4,0.002750010176463404,0.005252034979132741
1150,1991-12-09,4,0.002425750435792449,0.005649032375217837
1151,1991-12-10,1,0.0003947558445856687,0.0015521820093902156
1152,1991-12-11,0,0.002494801933574446,0.004928642870611237
1153,1991-12-12,4,0.006673317134196238,0.009261204162442126
1154,1991-12-13,1,0.0014742393456825768,0.004056659787314863
1155,1991-12-14,1,0.0007027150487464748,0.0013221342961087363
1156,1991-12-15,1,0.0004013527932876187,0.0010982448384898212
1157,1991-12-16,1,0.0003176814001983238,0.001090411498896882
1158,1991-12-17,1,0.0004058087093583373,0.00088902123754942
1159,1991-12-18,0,0.002925475626474504,0.004474054028653519
1160,1991-12-19,1,0.00026076817481492293,0.0029475526602912114
1161,1991-12-20,1,0.00046257203247937576,0.0014508075887706773
1162,1991-12-21,1,0.0007345204799047143,0.0016447250506841848
1163,1991-12-22,1,-1.428898847363993e-05,0.0019199355275169288
1164,1991-12-23,1,0.000739462749219945,0.002916367432130042
1165,1991-12-24,1,5.891144598497071e-05,0.0006175136900833593
1166,1991-12-25,1,0.0002607882817305008,0.0013308914991497622
1167,1991-12-26,1,3.090792936512978e-05,0.00012596754064334275
1168,1991-12-27,1,8.47975852163509e-05,0.0004466108770763435
1169,1991-12-28,1,0.000546890007471556,0.0011584999406228575
1170,1991-12-29,1,0.00024898096890693124,0.0010135564404802277
1171,1991-12-30,1,0.00041512252299100703,0.0010604505843011549
1172,1991-12-31,1,0.00014523503748953908,0.0011045239679263197
1173,1992-01-01,1,0.00024167739885485806,0.0007409205352611567
1174,1992-01-02,1,0.000371393445225192,0.001158723851297868
1175,1992-01-03,1,0.0006567159034531832,0.0013463503494296053
1176,1992-01-04,1,0.0015717499988198765,0.0026962268472705284
1177,1992-01-05,1,0.0006981067697697802,0.001538660390073981
1178,1992-01-06,2,0.002608855847880779,0.00615309473396604
1179,1992-01-07,1,-6.556205751130763e-05,0.005238307262249176
1180,1992-01-08,1,-0.0001401955933105079,0.0011876896084302496
1181,1992-01-09,1,0.0007301135472805671,0.0018185080778333664
1182,1992-01-10,1,0.0007742337974107603,0.002255370395370144
1183,1992-01-11,4,0.002787336738566571,0.006099875408058235
1184,1992-01-12,1,0.0014156432552135483,0.003437477420626564
1185,1992-01-13,1,0.0024893228941344162,0.0032487011961516124
1186,1992-01-14,2,0.0037721496332745906,0.004752895177666281
1187,1992-01-15,1,0.0017383333320576558,0.0036445277473315975
1188,1992-01-16,1,0.002391494546557832,0.004714499696043216
1189,1992-01-17,1,2.5417825512861933e-05,0.0015221600975229988
1190,1992-01-18,1,0.000956246686961773,0.0026500622908833343
1191,1992-01-19,1,0.0002405830037275458,0.00073609241367781
1192,1992-01-20,1,2.5625202551612475e-05,0.0005012620883512039
1193,1992-01-21,1,0.0008792407612776678,0.0026245662763659566
1194,1992-01-22,1,0.0017390396705277383,0.0032499438584064717
1195,1992-01-23,4,0.006234672632566839,0.011585158666017645
1196,1992-01-24,1,0.0009233346453270619,0.0038380407392451686
1197,1992-01-25,1,0.0009858093792709484,0.00241106922087351
1198,1992-01-26,1,0.0001487667144039313,0.0006854822298365622
1199,1992-01-27,4,0.0022017533954580247,0.0048883108730155295
1200,1992-01-28,1,0.001264437823565507,0.0037358404248736625
1201,1992-01-29,1,0.0002815574070277043,0.0014813982614656524
1202,1992-01-30,1,0.00012734742410397886,0.0005268799762711422
1203,1992-01-31,1,0.0002998594232468404,0.0010786361225692148
1204,1992-02-01,1,0.0001832825248566696,0.0009373878316458678
1205,1992-02-02,1,0.0002185549708772174,0.0008512710561477506
1206,1992-02-03,1,0.00041644063287576657,0.0013359287958307287
1207,1992-02-04,1,7.541466162626652e-05,0.0003682640572072296
1208,1992-02-05,1,2.1176618966755016e-05,0.00013486948637682952
1209,1992-02-06,1,0.00016379791349885073,0.0006796852826137313
1210,1992-02-07,1,0.00047593881461963273,0.0010146479782288324
1211,1992-02-08,4,0.00231291582602122,0.0048405020800137795
1212,1992-02-09,1,0.0003680182373980545,0.001954248224292796
1213,1992-02-10,2,0.0023147790006174153,0.004361826941568106
1214,1992-02-11,2,0.0017851319912857765,0.00318923021214478
1215,1992-02-12,1,0.0014913290636905043,0.006156126591628767
1216,1992-02-13,2,0.0023676103127606247,0.003308274987364797
1217,1992-02-14,1,0.0010272002906761906,0.0036746209452570688
1218,1992-02-15,1,0.0015382387081838797,0.0038412819869574994
1219,1992-02-16,2,0.0025972710410141543,0.0046454091131662425
1220,1992-02-17,1,0.0016383873440055203,0.0033301845768089404
1221,1992-02-18,0,0.003231035936821349,0.005448381481725684
1222,1992-02-19,0,0.005217572434065408,0.00902100897049082
1223,1992-02-20,4,0.006357665844356892,0.008301734624831567
1224,1992-02-21,0,0.0033088082242403076,0.004727489745365748
1225,1992-02-22,2,0.004414263712756878,0.005791617538783192
1226,1992-02-23,1,0.0009277642469468524,0.0026493609104452755
1227,1992-02-24,1,0.0010604611366454041,0.001917189377439744
1228,1992-02-25,1,0.0005427542114127126,0.0019293187924197582
1229,1992-02-26,1,0.0007516697064757251,0.0016534025428006935
1230,1992-02-27,1,0.0006305770951588291,0.0017664214752801948
1231,1992-02-28,1,0.00039127704641920804,0.0013822500807635935
1232,1992-02-29,1,0.0002360322902058183,0.0010574109324885345
1233,1992-12-01,1,0.0013761737755767134,0.004843135779627124
1234,1992-12-02,2,0.002697562780941943,0.004532429305893961
1235,1992-12-03,1,-0.0001558493921909439,0.0032600718576484534
1236,1992-12-04,1,0.00047239959838978854,0.00181232736235368
1237,1992-12-05,1,0.0008956788297431817,0.0017913271032319552
1238,1992-12-06,1,0.0003525330985229415,0.0009811851578629732
1239,1992-12-07,0,0.0030532554484913404,0.0038155860070405146
1240,1992-12-08,3,0.006292665203788737,0.008742533989944602
1241,1992-12-09,2,0.004652675032484223,0.007754221938542394
1242,1992-12-10,0,0.0028994907997886275,0.004901809519651051
1243,1992-12-11,2,0.00237058830022974,0.005176262676970904
1244,1992-12-12,1,0.000987872387849425,0.003984598148664355
1245,1992-12-13,1,0.0009804286211047976,0.0026104694886159123
1246,1992-12-14,4,0.0023400431988410118,0.0052103527793572555
1247,1992-12-15,1,0.0022619818856197786,0.0058467469669416
1248,1992-12-16,1,0.0007060742148152005,0.00224498766926857
1249,1992-12-17,2,0.004120235135304018,0.00666100373656377
1250,1992-12-18,1,0.0006985784244285651,0.003296551100968814
1251,1992-12-19,4,0.0021724381595361665,0.0041618598187525705
1252,1992-12-20,0,0.003845901862567567,0.005199113062279051
1253,1992-12-21,4,0.00411261771602748,0.008045265725089077
1254,1992-12-22,4,0.005422510185577998,0.008072676195627538
1255,1992-12-23,0,0.002042388916488542,0.004842568249114051
1256,1992-12-24,1,0.0011144058238592345,0.002468324620909075
1257,1992-12-25,1,0.0011097332407333839,0.0023978430396674024
1258,1992-12-26,0,0.004906687620935631,0.007375999327117768
1259,1992-12-27,0,0.0025307700036205673,0.004558195107081687
1260,1992-12-28,2,0.0034833957710245396,0.00536751762793971
1261,1992-12-29,3,0.006481786087069626,0.009252370909630716
1262,1992-12-30,1,0.0015579278971140226,0.005642953265818617
1263,1992-12-31,1,0.0019573364171411507,0.004075061016621706
1264,1993-01-01,2,0.0031465933102128177,0.0046690957564045985
1265,1993-01-02,2,0.0017379538815943138,0.005224938362843655
1266,1993-01-03,1,0.001238165906804242,0.0030877420380482795
1267,1993-01-04,1,0.001093068767195883,0.003661158541038765
1268,1993-01-05,1,0.0005889288846233097,0.0015883529096744975
1269,1993-01-06,2,0.0015531272048738434,0.0028973980754226584
1270,1993-01-07,2,0.002175265652575436,0.004008662519589494
1271,1993-01-08,1,0.0014813723760196812,0.00313321219283047
1272,1993-01-09,1,0.00045313431799797637,0.0031124338249062743
1273,1993-01-10,2,0.0023981880777458587,0.004456792803575192
1274,1993-01-11,1,0.0007588494713963818,0.0048247537574946115
1275,1993-01-12,1,-1.5209450593435898e-05,0.002667745544810255
1276,1993-01-13,2,0.0035010799472447057,0.004977925193776569
1277,1993-01-14,2,0.002324886464670458,0.0032101663149133423
1278,1993-01-15,1,0.0010242618874549353,0.0031499371312283227
1279,1993-01-16,2,0.002277880208891053,0.004618518436146269
1280,1993-01-17,1,0.0008113494679252358,0.002173559915131253
1281,1993-01-18,1,0.0008632072510605566,0.0019370678405212002
1282,1993-01-19,1,0.0009493169161385856,0.00316203908455896
1283,1993-01-20,3,0.007305239501174989,0.007861750541433331
1284,1993-01-21,0,0.0037559498970012573,0.006175122982677453
1285,1993-01-22,3,0.0065270833109669435,0.010200140825475693
1286,1993-01-23,1,0.0011818883185770947,0.004475849336992415
1287,1993-01-24,4,0.003880116842579336,0.0063808283258038325
1288,1993-01-25,1,0.0016586289271250103,0.0031776770993926467
1289,1993-01-26,1,0.0012201751256541954,0.0032546266630753815
1290,1993-01-27,1,0.0006470506556454006,0.0020238297034703124
1291,1993-01-28,1,0.00025221020684069285,0.0011107604337876145
1292,1993-01-29,1,0.00019429977261469395,0.0013580831736956821
1293,1993-01-30,1,0.00029054784071301314,0.000816508126783978
1294,1993-01-31,1,0.0006410658715864824,0.0032147783719422072
1295,1993-02-01,1,0.0008294550305000551,0.002775013646119375
1296,1993-02-02,1,0.0005005856038114547,0.002524719898893591
1297,1993-02-03,1,0.00013225859370104176,0.0013080925956416864
1298,1993-02-04,1,0.00017225473294376324,0.0008701895231802211
1299,1993-02-05,1,9.773416240096505e-05,0.00030169783759471155
1300,1993-02-06,1,0.00023633360592177456,0.0008913268415533154
1301,1993-02-07,1,0.0003489724927414659,0.0015614731829933272
1302,1993-02-08,1,0.0013711088287030903,0.0025968392342146877
1303,1993-02-09,2,0.0030641093755014743,0.004443228130513
1304,1993-02-10,1,-0.0002920640830775091,0.0033809924916218463
1305,1993-02-11,1,0.0017913319460874037,0.0029595678868901943
1306,1993-02-12,4,0.0017122303999011243,0.006827946031720649
1307,1993-02-13,1,0.0006678293159491279,0.0016782636088670678
1308,1993-02-14,1,0.0018470921906908226,0.004143147164185389
1309,1993-02-15,1,0.0005002103796277853,0.0019341527649005606
1310,1993-02-16,1,0.0009965721594060333,0.0024097798640603826
1311,1993-02-17,2,0.0021074612854012527,0.003293012422416169
1312,1993-02-18,0,0.005388522387772773,0.006734294929819489
1313,1993-02-19,3,0.007440523832757297,0.00980410444828626
1314,1993-02-20,2,0.004127555831986454,0.008173471611235076
1315,1993-02-21,2,0.002926169014797432,0.004735556090935766
1316,1993-02-22,2,0.0023837177241237263,0.00382817441104649
1317,1993-02-23,2,0.003649084809957289,0.00543661681190706
1318,1993-02-24,1,0.000824496766595011,0.003964774086317927
1319,1993-02-25,1,0.0003904983305346983,0.0028412867052149825
1320,1993-02-26,1,0.0005671211570086701,0.0017942304678338562
1321,1993-02-27,1,0.0007368313564560371,0.0014093035953417282
1322,1993-02-28,1,0.0008689200232311839,0.0016044119726794643
1323,1993-12-01,4,0.004434079381548289,0.005803442082502071
1324,1993-12-02,4,0.0030799259597391947,0.006030929435781603
1325,1993-12-03,1,0.0013731585200270396,0.002716434592353773
1326,1993-12-04,0,0.005479366910234703,0.006226794682931168
1327,1993-12-05,1,0.0008838510321078355,0.003373107582213853
1328,1993-12-06,1,0.0014054682548978903,0.0029888587455246343
1329,1993-12-07,0,0.0024504280101176694,0.003854023703869157
1330,1993-12-08,0,0.0067459760963583144,0.007669791931303235
1331,1993-12-09,0,0.001883885553957156,0.004498924000488941
1332,1993-12-10,1,0.0010189520624645607,0.0025837189406556203
1333,1993-12-11,1,0.0008533511837271779,0.0019345768828744406
1334,1993-12-12,2,0.002636420087061016,0.004727586083885769
1335,1993-12-13,1,0.00046353124800157527,0.001412346457721608
1336,1993-12-14,1,0.0004453285628812944,0.0011699180838799712
1337,1993-12-15,1,0.0004439375193555635,0.001369083274689087
1338,1993-12-16,1,0.00039547356337088046,0.0020975472262892286
1339,1993-12-17,1,0.0002830279927421589,0.0010644466398715675
1340,1993-12-18,1,0.0007360395814902889,0.0015519973600067374
1341,1993-12-19,1,0.0010105182813386342,0.002339334793144452
1342,1993-12-20,1,0.0012303285616059782,0.0028312665536526847
1343,1993-12-21,1,0.0014280929305646745,0.004071541365376712
1344,1993-12-22,1,0.0026245778604140546,0.00430233719888041
1345,1993-12-23,1,0.0013511472133863533,0.004290553657535669
1346,1993-12-24,1,0.0011112109000296435,0.0022618705844061606
1347,1993-12-25,1,0.0005670356137406934,0.001212736270574505
1348,1993-12-26,1,0.00011930205988392061,0.0008990894089726492
1349,1993-12-27,1,0.0006717991002306451,0.0024455687708999597
1350,1993-12-28,1,-3.687970921336269e-05,0.0005017137816824086
1351,1993-12-29,1,0.0006953755648285517,0.0021515279613008387
1352,1993-12-30,4,0.002024168706521745,0.004186581041139097
1353,1993-12-31,1,0.00265084471965694,0.0043509140127099616
1354,1994-01-01,4,0.00660538888229079,0.00769296231937869
1355,1994-01-02,4,0.003930257255133786,0.007645449774823053
1356,1994-01-03,2,0.003137977694387304,0.0057427435510608036
1357,1994-01-04,3,0.006981456022652467,0.00800668002923687
1358,1994-01-05,4,0.004576786944284693,0.006668671977240282
1359,1994-01-06,2,0.00373390510893784,0.005515716903768814
1360,1994-01-07,4,0.002451778222736195,0.004442104904556581
1361,1994-01-08,2,0.0028564910270247323,0.0028955463971247148
1362,1994-01-09,1,0.0021724137518809475,0.005411700450872776
1363,1994-01-10,1,0.0005234790557779247,0.0015757076893800934
1364,1994-01-11,1,0.0020532120962555673,0.0033221226263313143
1365,1994-01-12,1,0.0025681495337269017,0.003968128084525897
1366,1994-01-13,4,0.003798960363137826,0.005407927336418007
1367,1994-01-14,1,0.001182017096588685,0.0026143067760056532
1368,1994-01-15,1,0.0018338428604959191,0.003146813322272022
1369,1994-01-16,1,0.0024635470281360204,0.005371556080380348
1370,1994-01-17,1,0.0020620356412857977,0.004491183858265401
1371,1994-01-18,1,0.00046337405584662036,0.001897128947704089
1372,1994-01-19,1,0.00017472377434791917,0.001476389574453963
1373,1994-01-20,1,0.0002693974601907158,0.0007441173658928197
1374,1994-01-21,1,0.00015169808644309256,0.0005081174137761384
1375,1994-01-22,1,0.00012549341764936072,0.0003324951327855659
1376,1994-01-23,4,0.0013363547190870214,0.006271010438247823
1377,1994-01-24,1,0.0002026198047428784,0.0014358335274471006
1378,1994-01-25,1,0.0006147954619893955,0.0027877416957600124
1379,1994-01-26,1,0.0014952703790483944,0.00373784579766391
1380,1994-01-27,1,0.00034895140979586083,0.0019300613997546645
1381,1994-01-28,1,0.0008008565917034176,0.001631584671025429
1382,1994-01-29,1,0.0026179470843389597,0.004017961626564939
1383,1994-01-30,1,0.001236002776278483,0.0037864409894102905
1384,1994-01-31,1,0.0023053895276178024,0.004737033258682788
1385,1994-02-01,1,0.0007793766869965372,0.002726728913989039
1386,1994-02-02,1,1.6812634213415554e-05,0.0011772374113923742
1387,1994-02-03,1,0.00035221109357608314,0.0014690535945499844
1388,1994-02-04,1,0.00014337949941350167,0.0005902119765128374
1389,1994-02-05,1,0.0005160791937486646,0.0010855182895280421
1390,1994-02-06,1,0.001629035853717257,0.0032625821811786055
1391,1994-02-07,3,0.007365321130445412,0.009897259863017283
1392,1994-02-08,2,0.0019400783453540147,0.007305764452713548
1393,1994-02-09,0,0.003198974107972293,0.003925528155278775
1394,1994-02-10,2,0.0034643944456037514,0.006038453648617713
1395,1994-02-11,1,0.0012027388403411086,0.004926277308434841
1396,1994-02-12,1,0.0010509555820106878,0.0031290261411091006
1397,1994-02-13,0,0.0027720993101721437,0.005463530328119574
1398,1994-02-14,1,0.0006949425974706216,0.0016991274112540058
1399,1994-02-15,1,0.0016145229785872125,0.004147160445455982
1400,1994-02-16,1,0.0005723842667390021,0.0013274849367747312
1401,1994-02-17,2,0.004730672225883967,0.006600553607244304
1402,1994-02-18,2,0.0034447616726321897,0.0062234537003563305
1403,1994-02-19,1,0.0022733239006655606,0.003951855766944815
1404,1994-02-20,1,0.0014828480922043123,0.002395844298638999
1405,1994-02-21,1,0.001866027522980136,0.0031450600285604802
1406,1994-02-22,1,0.0021509907515102748,0.0035385462636121196
1407,1994-02-23,0,0.00905455332001308,0.011294070355955393
1408,1994-02-24,3,0.008214672692036165,0.013486239833740355
1409,1994-02-25,4,0.00471672167189321,0.005816805963572602
1410,1994-02-26,2,0.0034263332619371327,0.00564228607013511
1411,1994-02-27,2,0.0035251012334508638,0.006076989708101017
1412,1994-02-28,1,0.0013837219550786063,0.002969540210393675
1413,1994-12-01,0,0.0035075930142335603,0.007099902991292713
1414,1994-12-02,1,0.002085472449675283,0.005937085173124686
1415,1994-12-03,0,0.004837301469091114,0.007696386757310536
1416,1994-12-04,2,0.0029061269548523163,0.00561875090235173
1417,1994-12-05,2,0.0022041991485452347,0.005403429051719768
1418,1994-12-06,2,0.004700059731462424,0.005549597996959637
1419,1994-12-07,1,0.0011181333832517603,0.00355618893343144
1420,1994-12-08,1,0.001265885980497527,0.0034493497665028334
1421,1994-12-09,1,0.001239806300096738,0.00283282053960345
1422,1994-12-10,1,0.0005163455349525258,0.0010176700733122662
1423,1994-12-11,1,0.0004938240826948009,0.0010521190273498652
1424,1994-12-12,1,0.001973093034430045,0.0028744526524434356
1425,1994-12-13,1,0.0007215111549269953,0.0027680779101852747
1426,1994-12-14,1,0.0008077107360506284,0.0025916924710497977
1427,1994-12-15,1,0.0021722410727650766,0.0029320024769021753
1428,1994-12-16,4,0.005488950687063037,0.007313776822451968
1429,1994-12-17,1,0.0021104299507339742,0.004537564773767863
1430,1994-12-18,2,0.0036757354801926928,0.003990848423316278
1431,1994-12-19,1,0.00033788151911789445,0.0031575748873443397
1432,1994-12-20,1,0.0006792594832717834,0.0015428540800876587
1433,1994-12-21,1,0.00022753905367446092,0.0007021678347523386
1434,1994-12-22,1,0.00038390615982982905,0.0010576728050188805
1435,1994-12-23,1,0.0006229598033619306,0.0014198763822730104
1436,1994-12-24,1,0.0013498543915967936,0.002438091230439582
1437,1994-12-25,1,0.0007516653980196851,0.0022750504495373585
1438,1994-12-26,4,0.0017337416690654088,0.005919614975585857
1439,1994-12-27,4,0.0022630526223834115,0.005545625319825457
1440,1994-12-28,0,0.0030383321399115315,0.004902998805268086
1441,1994-12-29,1,0.000584525564959621,0.0035615897603993372
1442,1994-12-30,1,0.0014627956953767827,0.0029882634424177393
1443,1994-12-31,1,0.0002444722559599757,0.0023127485323135542
1444,1995-01-01,1,0.000453750482523492,0.0017495515457063005
1445,1995-01-02,1,-2.217935812442569e-06,0.0004867562431843225
1446,1995-01-03,1,0.00032739521788108125,0.000676318897688349
1447,1995-01-04,1,0.0008470445827935646,0.0016761678310275295
1448,1995-01-05,1,0.0015501972631233234,0.0027721811331086815
1449,1995-01-06,2,0.0023929317565485092,0.004203600957310352
1450,1995-01-07,2,0.005393062960153305,0.006683300203965717
1451,1995-01-08,0,0.0038715722288042032,0.00567149623776989
1452,1995-01-09,0,0.004126616131398883,0.006937090525526028
1453,1995-01-10,0,0.0035852869849019803,0.0069374043626345
1454,1995-01-11,2,0.004199622268281204,0.006338328654571544
1455,1995-01-12,2,0.0030944678063256456,0.0042955110732664165
1456,1995-01-13,3,0.006023746146483027,0.006165725369848942
1457,1995-01-14,0,0.005265181998129861,0.007053116269394483
1458,1995-01-15,1,0.0011501312005694532,0.004892673581551989
1459,1995-01-16,1,0.0018504898175402869,0.003884219096717178
1460,1995-01-17,1,0.0017981129146189619,0.004015560901013759
1461,1995-01-18,1,0.0025848979389284576,0.003675668755371886
1462,1995-01-19,1,0.00044874581022094764,0.0014167465512096155
1463,1995-01-20,1,0.00031470558662789256,0.0007627508781905306
1464,1995-01-21,1,0.0002786580460329335,0.000689877244594196
1465,1995-01-22,1,0.00021964597054657312,0.0008015969083909214
1466,1995-01-23,1,0.0006155648093452978,0.001272904995263786
1467,1995-01-24,1,0.0013274428742258229,0.0019418913154240671
1468,1995-01-25,0,0.0024880598283859015,0.005081590707355839
1469,1995-01-26,2,0.002247440749621294,0.003060562888985166
1470,1995-01-27,1,0.0003455212097026243,0.0041560971542951245
1471,1995-01-28,1,0.000844436707389417,0.002980381644375591
1472,1995-01-29,1,0.0013379926539756777,0.00250202914297065
1473,1995-01-30,0,0.0037023256457100313,0.004655569007349146
1474,1995-01-31,4,0.007197104191878236,0.0141774231569587
1475,1995-02-01,0,0.004528964665125012,0.005581965297327091
1476,1995-02-02,1,0.0017785652299854666,0.006896725373385585
1477,1995-02-03,1,0.0007011311478676336,0.0017224084444219941
1478,1995-02-04,1,0.00029136315495967215,0.0007152507193206749
1479,1995-02-05,1,0.0009978704550111142,0.0023544450984784725
1480,1995-02-06,1,0.0004025104283172134,0.0013176945832138074
1481,1995-02-07,1,0.0003334231971817661,0.0008345335535703656
1482,1995-02-08,1,0.0006978945988706263,0.0027921974432489702
1483,1995-02-09,1,0.0022494085581724697,0.004946920530601355
1484,1995-02-10,2,0.00249363311531892,0.005720023812712912
1485,1995-02-11,1,0.0017417748465825076,0.0036219000147315315
1486,1995-02-12,1,0.0010687336813007566,0.002355409590890631
1487,1995-02-13,2,0.004009635322714154,0.006630963243022449
1488,1995-02-14,2,0.0038921563301581715,0.008735361318356928
1489,1995-02-15,0,0.002300283959911327,0.004315794207795026
1490,1995-02-16,0,0.0022075282200126455,0.003775750495155539
1491,1995-02-17,0,0.00665577813508523,0.010189016695659575
1492,1995-02-18,0,0.003404180355133157,0.00600626644349969
1493,1995-02-19,0,0.003368986329438665,0.007002414180390797
1494,1995-02-20,1,0.001027315139290978,0.002771275979484297
1495,1995-02-21,1,0.0008442968845427588,0.004107428313463861
1496,1995-02-22,1,8.606715922167637e-05,0.000295883452538211
1497,1995-02-23,1,0.00010252517028432921,0.0006031875991473306
1498,1995-02-24,1,0.0005086939374301174,0.0018003623986618284
1499,1995-02-25,1,0.0003782094850424005,0.001273122733701029
1500,1995-02-26,1,0.0006162074487820271,0.0022295113593367457
1501,1995-02-27,1,0.0010841490538660468,0.0030533106479613834
1502,1995-02-28,1,0.00041357947221301,0.0013627689101852324
1503,1995-12-01,0,0.006337624144347377,0.008429695423311444
1504,1995-12-02,1,0.0014243452471473105,0.006129148273048061
1505,1995-12-03,0,0.0021303497883074203,0.003376273022469971
1506,1995-12-04,3,0.006256395088680957,0.009680966936333243
1507,1995-12-05,3,0.005293416263252385,0.007842364950246226
1508,1995-12-06,1,0.0005792831240528089,0.0044666706537101215
1509,1995-12-07,2,0.0021009807644216953,0.0038469805797358486
1510,1995-12-08,1,0.00028024745362779024,0.0013155042334950123
1511,1995-12-09,2,0.0031349467609554185,0.004032313227423677
1512,1995-12-10,0,0.0025557067601418397,0.006083404434453017
1513,1995-12-11,0,0.002827686417386473,0.006997343939229514
1514,1995-12-12,3,0.010165152710898235,0.011849959837365035
1515,1995-12-13,2,0.0016240184341744317,0.006020679449252148
1516,1995-12-14,4,0.0022632953082152452,0.004678473485655255
1517,1995-12-15,1,0.0019166703962258422,0.003337257549133349
1518,1995-12-16,1,0.0006196026930701747,0.003268021557784791
1519,1995-12-17,1,0.0006558317991133155,0.0021369301459179574
1520,1995-12-18,1,0.0004964942790020498,0.0012553685847243611
1521,1995-12-19,1,9.376141569593392e-05,0.0003937719244342742
1522,1995-12-20,1,6.7309939323129e-05,0.00024123951158564163
1523,1995-12-21,1,0.0001543077980573059,0.0010319449045842128
1524,1995-12-22,1,0.00011504276470736435,0.0005730889139577177
1525,1995-12-23,1,0.000246958215599646,0.0005878239456961472
1526,1995-12-24,1,0.0001860704582187826,0.000534393485194297
1527,1995-12-25,1,1.8474287724195136e-05,0.00026925233224762545
1528,1995-12-26,1,0.00010357154780650494,0.00042048050155858474
1529,1995-12-27,1,9.02485875720083e-05,0.0003750215652498038
1530,1995-12-28,1,0.0006046417689018372,0.0013759711177100168
1531,1995-12-29,2,0.002693462197961432,0.0039032370257894495
1532,1995-12-30,3,0.00869314574532637,0.009859019052455856
1533,1995-12-31,2,0.004130162940658249,0.009218512854138796
1534,1996-01-01,1,0.0022211455685641947,0.004715756898030052
1535,1996-01-02,4,0.004067396130849937,0.005683635585022102
1536,1996-01-03,4,0.007981556128245111,0.012076698884190112
1537,1996-01-04,2,0.0015632877059492747,0.005735255463912549
1538,1996-01-05,1,0.000963059248444768,0.003385492942482846
1539,1996-01-06,0,0.002656532961517768,0.002928597072426422
1540,1996-01-07,4,0.0034834564597961077,0.007255395712436891
1541,1996-01-08,1,0.0013525817657900363,0.003643596754102755
1542,1996-01-09,4,0.004447095682880976,0.00703557656480894
1543,1996-01-10,2,0.0022773258738893057,0.005830916474461669
1544,1996-01-11,1,0.0013878076858301568,0.0044813333995251696
1545,1996-01-12,1,0.0006032058859041651,0.0010317139673209812
1546,1996-01-13,1,0.0006075544831952611,0.0032146201662005334
1547,1996-01-14,1,0.0014916801363822553,0.00460163207274808
1548,1996-01-15,4,0.006502088764234052,0.009747893180859888
1549,1996-01-16,3,0.008216375563717456,0.012930309039701986
1550,1996-01-17,1,1.8116107955072335e-05,0.008072793752447363
1551,1996-01-18,0,0.0033916465612306886,0.008564411095213335
1552,1996-01-19,3,0.00610025613021495,0.007852398262966619
1553,1996-01-20,0,0.005783960235120809,0.0075117935807954275
1554,1996-01-21,2,0.004696614271832065,0.0069433467357055325
1555,1996-01-22,1,0.001250373508628723,0.003114081263170012
1556,1996-01-23,4,0.002786302635799634,0.005035839081535274
1557,1996-01-24,3,0.0070560911903251745,0.009857843059052103
1558,1996-01-25,1,0.0015204790641922313,0.004839734729847511
1559,1996-01-26,1,0.0018462031120157483,0.003883502721364746
1560,1996-01-27,3,0.008154531415840736,0.00956903199368619
1561,1996-01-28,2,0.0030307053502722,0.007493894727640502
1562,1996-01-29,2,0.003492813325070528,0.005684608688147208
1563,1996-01-30,1,0.0014844897146027499,0.004293237425441803
1564,1996-01-31,1,0.0006064733062922605,0.0056736134818958376
1565,1996-02-01,1,0.00013687456150709062,0.0007837695966513152
1566,1996-02-02,1,0.0002997395684216487,0.0014315292376708272
1567,1996-02-03,1,0.0008302788594241575,0.001363488517427417
1568,1996-02-04,2,0.003609035228470239,0.004567077723873005
1569,1996-02-05,0,0.003321007137972757,0.004838002008069677
1570,1996-02-06,4,0.008903471805584815,0.013829919271178156
1571,1996-02-07,4,0.005853145841253761,0.011447367369993898
1572,1996-02-08,0,0.0028236002338178725,0.010472104635098078
1573,1996-02-09,0,0.0013299126583163699,0.008992904176613952
1574,1996-02-10,1,0.0005165259638120493,0.002104908717952781
1575,1996-02-11,1,0.00014716520987035413,0.0011313414671120477
1576,1996-02-12,1,0.0009107077332979871,0.0019031328043771687
1577,1996-02-13,1,0.0008004173316672568,0.0020524188928435372
1578,1996-02-14,1,0.0004635334269370683,0.0012558568617277988
1579,1996-02-15,1,0.00042714948079827477,0.0011713723164906962
1580,1996-02-16,1,0.0005353300546670414,0.0011870617732726997
1581,1996-02-17,4,0.002772402815122462,0.004665455735693609
1582,1996-02-18,4,0.004400580481025825,0.005763122679623072
1583,1996-02-19,0,0.00591111670186514,0.006199043202855934
1584,1996-02-20,2,0.004450567575866853,0.007137745970813537
1585,1996-02-21,2,0.006743806422534857,0.008437385010646618
1586,1996-02-22,2,0.004120762697970407,0.0053919857841151645
1587,1996-02-23,0,0.004335266720925775,0.006081536788275541
1588,1996-02-24,1,0.002598229217607015,0.004711963404961702
1589,1996-02-25,1,0.0012267489358150081,0.0025614095536798534
1590,1996-02-26,1,0.0013306427682862017,0.004336625356040524
1591,1996-02-27,1,0.0002747182785883001,0.0020441015952118603
1592,1996-02-28,1,0.0011763862170507977,0.001960919222497709
1593,1996-02-29,1,0.0014161441649752388,0.0016764141230345621
1594,1996-12-01,4,0.0076465305481668855,0.00922551151255784
1595,1996-12-02,1,0.0012835194715157096,0.0037453364736415337
1596,1996-12-03,2,0.0034018125204651533,0.0034894473222690956
1597,1996-12-04,0,0.00422249572446721,0.005979170954658181
1598,1996-12-05,3,0.006845716907222879,0.010125917286450762
1599,1996-12-06,0,0.004185016919250649,0.006543714236287364
1600,1996-12-07,0,0.004093547173548672,0.004580180782838639
1601,1996-12-08,0,0.005743885393095069,0.008739016422934153
1602,1996-12-09,0,0.005250442375020986,0.007519184993240857
1603,1996-12-10,3,0.00837668535291849,0.008993862581560845
1604,1996-12-11,2,0.004388898622412032,0.007092599067992343
1605,1996-12-12,2,0.004839623290410045,0.007669015058078785
1606,1996-12-13,0,0.005477364516766621,0.006276448834631349
1607,1996-12-14,1,0.000987625566438673,0.00435044452587311
1608,1996-12-15,0,0.004035154262015153,0.005887115826158297
1609,1996-12-16,2,0.0031519169495350012,0.005199147565265397
1610,1996-12-17,1,0.0007138016754303426,0.002016757298927999
1611,1996-12-18,1,0.0025127254335737424,0.0031917417848547984
1612,1996-12-19,1,0.002492211163568694,0.004388602950487833
1613,1996-12-20,3,0.00831620268388648,0.010589307902968472
1614,1996-12-21,3,0.0048059177899837085,0.010183101303497432
1615,1996-12-22,2,0.0034335178549066724,0.005826087998005279
1616,1996-12-23,4,0.004379922729104951,0.0061187963820250385
1617,1996-12-24,4,0.006111132822306264,0.006410511360426977
1618,1996-12-25,2,0.005357592791950077,0.010134694707446552
1619,1996-12-26,3,0.008378291295959808,0.010075558167888235
1620,1996-12-27,3,0.008398098580483038,0.010936629722835883
1621,1996-12-28,0,0.0045564089283973335,0.007375515049830095
1622,1996-12-29,0,0.007709038400116728,0.010443124891270453
1623,1996-12-30,0,0.003924187434914622,0.007249688890107727
1624,1996-12-31,0,0.004625456602351986,0.009489355634744005
1625,1997-01-01,0,0.003932281118477402,0.008435167362000076
1626,1997-01-02,3,0.005791334698700542,0.01046393932067621
1627,1997-01-03,2,0.004612569155284479,0.0063057647899444754
1628,1997-01-04,1,0.0008131840116532047,0.0025370280881578757
1629,1997-01-05,1,0.0007584266520563567,0.0016643510571907754
1630,1997-01-06,4,0.0028959620252191646,0.006129766348438351
1631,1997-01-07,4,0.0033812772151596148,0.004992392077033197
1632,1997-01-08,1,0.002529015420278552,0.004569210224544172
1633,1997-01-09,4,0.006339196500480114,0.007790190588695809
1634,1997-01-10,1,0.002817313944816138,0.005921703330255881
1635,1997-01-11,2,0.0020408019159908215,0.005168868596384734
1636,1997-01-12,1,0.0004293716991908724,0.004128010073387801
1637,1997-01-13,2,0.002805049660094083,0.0044380703493846095
1638,1997-01-14,1,0.0009635834525625174,0.0031758128446327653
1639,1997-01-15,1,0.0004759987764226299,0.001957416508179215
1640,1997-01-16,1,0.0008557971151266246,0.0021467632642423163
1641,1997-01-17,4,0.0030652949884681117,0.00466367692949566
1642,1997-01-18,4,0.0025746809422265656,0.0052685573886570095
1643,1997-01-19,1,0.0007137763065884792,0.0026765828466232705
1644,1997-01-20,0,0.0021577535662350785,0.0053893525955531815
1645,1997-01-21,0,0.004151374378947769,0.00789048663448362
1646,1997-01-22,3,0.007469227381915645,0.011553170974327617
1647,1997-01-23,1,0.002026189247378896,0.00642573734182801
1648,1997-01-24,1,0.0019897866939029736,0.003605175966381702
1649,1997-01-25,3,0.007351497510584744,0.010191005453245888
1650,1997-01-26,2,0.0037633846766643724,0.007152891129570649
1651,1997-01-27,1,0.001682882909608064,0.0049215413441308095
1652,1997-01-28,2,0.002704508945302844,0.0043889719275756614
1653,1997-01-29,1,0.0013437116735063846,0.0027716444238628365
1654,1997-01-30,4,0.003839498702485252,0.007788200596945818
1655,1997-01-31,0,0.004565639942897553,0.006505715243727019
1656,1997-02-01,4,0.003469570975270187,0.006946131599310901
1657,1997-02-02,1,0.0009626026735064785,0.006796957381832576
1658,1997-02-03,1,0.0004525801846197595,0.003812892197749733
1659,1997-02-04,1,0.0008928539761004846,0.0019810119805344023
1660,1997-02-05,1,0.000592644603496712,0.0016271866711760107
1661,1997-02-06,1,3.369191305039061e-05,0.000837608048288973
1662,1997-02-07,1,0.0003148161276102178,0.0007094155048333083
1663,1997-02-08,1,0.00028734039841926885,0.000775684429991054
1664,1997-02-09,1,0.0001460920097631844,0.0006994608235335498
1665,1997-02-10,1,0.0011432686546831129,0.0016806621481616408
1666,1997-02-11,1,0.002045748172509503,0.0036555207610876224
1667,1997-02-12,1,0.0022069829438082426,0.004241480216036089
1668,1997-02-13,1,0.0017408454972761684,0.003786845653545617
1669,1997-02-14,4,0.0067419014045263055,0.008941265045029595
1670,1997-02-15,1,0.0027856516627465864,0.0052578827391619185
1671,1997-02-16,1,0.0019753702489833497,0.003046340836967289
1672,1997-02-17,1,0.0025355295000643163,0.0031256417336294052
1673,1997-02-18,1,0.0011732629382343008,0.004138346941336316
1674,1997-02-19,4,0.00510717587714006,0.007430214793735252
1675,1997-02-20,1,0.0018658842934171358,0.004605756492480075
1676,1997-02-21,1,0.0008170962233858082,0.0021076201153390896
1677,1997-02-22,1,0.0012019204943504813,0.0023913990882108494
1678,1997-02-23,1,0.0005116794190738265,0.0010692701915778712
1679,1997-02-24,1,0.001363273371159401,0.0017263761381472987
1680,1997-02-25,1,0.0016932413439676496,0.0019090489086299109
1681,1997-02-26,0,0.003897784971671488,0.005643804013692652
1682,1997-02-27,1,0.0023593009717259813,0.006349934571669984
1683,1997-02-28,1,0.0008919126628226504,0.002691941045131606
1684,1997-12-01,1,0.0006753070671125042,0.0020480652430533773
1685,1997-12-02,1,0.00038722738174560716,0.002298027808557576
1686,1997-12-03,1,0.00048817884752737887,0.0010547169591392294
1687,1997-12-04,1,0.0002700363844279335,0.0008104399061625593
1688,1997-12-05,1,0.00017872143129676427,0.0005612214477091212
1689,1997-12-06,1,0.0005391443669609132,0.0011462388974527572
1690,1997-12-07,2,0.001694587232435311,0.004008729106851812
1691,1997-12-08,2,0.004083921060733648,0.00552170172199991
1692,1997-12-09,1,0.0005858358958663122,0.005388651209683393
1693,1997-12-10,1,0.00038409104224485104,0.001323963821395902
1694,1997-12-11,1,0.0006604735692241447,0.00112804192353797
1695,1997-12-12,1,0.0008229226769819134,0.0013859575979865255
1696,1997-12-13,1,0.0006242393729379537,0.0012523564685191163
1697,1997-12-14,1,0.0009750416699844136,0.00188878232968274
1698,1997-12-15,1,0.0018167313413417793,0.0028001747633853427
1699,1997-12-16,0,0.002501095229479772,0.005165598466016313
1700,1997-12-17,0,0.0029539415868702385,0.005350233906674705
1701,1997-12-18,1,0.002081491705627165,0.004047356189597718
1702,1997-12-19,1,-7.32358451854479e-05,0.0019094840923640883
1703,1997-12-20,1,0.0008992710238184098,0.001567895562868388
1704,1997-12-21,1,0.0007411588103957363,0.0016821685477306412
1705,1997-12-22,1,0.00013384445545476,0.0013363831157054695
1706,1997-12-23,1,0.0010319541241242886,0.0021893326372811215
1707,1997-12-24,1,0.00043956033068801357,0.0017607560195894807
1708,1997-12-25,1,7.116857018022123e-05,0.0015443577965376385
1709,1997-12-26,1,0.0011143037285083963,0.0018140184958610802
1710,1997-12-27,1,0.0027332543526701033,0.00421290235483088
1711,1997-12-28,4,0.005032999251153383,0.006453500681327202
1712,1997-12-29,1,0.0026219419560983654,0.004332045791823877
1713,1997-12-30,1,0.0004396916417718396,0.0019777940658959863
1714,1997-12-31,1,0.0006060942169252678,0.003395069074872291
1715,1998-01-01,0,0.0032158533288602683,0.006070660689152012
1716,1998-01-02,3,0.005830970820342031,0.007850766382107237
1717,1998-01-03,0,0.0023722921401328214,0.004874245775815692
1718,1998-01-04,2,0.003465628686327509,0.004428530015890694
1719,1998-01-05,1,0.0007505129883917846,0.004570809235315007
1720,1998-01-06,1,0.001592865071218753,0.005434114002003498
1721,1998-01-07,4,0.003456067325401229,0.004215629418010696
1722,1998-01-08,1,0.0013661191475534836,0.004060570479022429
1723,1998-01-09,1,-7.353581926506145e-05,0.0014912251957773233
1724,1998-01-10,3,0.006804090741603827,0.009528912830096454
1725,1998-01-11,3,0.010888213811692691,0.015815760601694373
1726,1998-01-12,2,0.0020988026294485097,0.006918902795761262
1727,1998-01-13,4,0.006018498825727805,0.009278364047765887
1728,1998-01-14,0,0.003305616189974053,0.005768604604975856
1729,1998-01-15,2,0.004735142235424224,0.007664469194367771
1730,1998-01-16,2,0.002640579969666234,0.004079791860562717
1731,1998-01-17,3,0.009205291413080241,0.010399705440604564
1732,1998-01-18,1,0.00048494991854732813,0.0023576593386449305
1733,1998-01-19,3,0.007677095285171584,0.008674445951768
1734,1998-01-20,4,0.0026466689907073226,0.006839951319469169
1735,1998-01-21,1,0.0007646592626966569,0.002678069099022896
1736,1998-01-22,2,0.002253739861045223,0.0033529894693375643
1737,1998-01-23,4,0.0028998938264929936,0.003637199507436486
1738,1998-01-24,0,0.0034131254216171044,0.0042268857004974575
1739,1998-01-25,1,0.0014323988511625208,0.003245720215291624
1740,1998-01-26,1,0.0013014116894072907,0.0019161964767539718
1741,1998-01-27,4,0.002627847972769164,0.004848861043378312
1742,1998-01-28,1,1.6360236049668238e-05,0.0025518289594646457
1743,1998-01-29,1,0.000555226714409698,0.0010075226044715018
1744,1998-01-30,1,0.000868988881270348,0.00200970013645627
1745,1998-01-31,1,0.0002173467403068251,0.0007370053779031531
1746,1998-02-01,1,0.00043469738115296434,0.0009980213787619313
1747,1998-02-02,1,0.0012849836783991465,0.002845561425543087
1748,1998-02-03,1,0.0010048799661804809,0.002679330920373221
1749,1998-02-04,1,0.0006670920173739138,0.0013770098475495316
1750,1998-02-05,1,-1.8409040580769982e-05,0.0018064379057994532
1751,1998-02-06,1,0.0009925840205169242,0.0023743766943619734
1752,1998-02-07,1,0.000936501441333033,0.004060590470734764
1753,1998-02-08,2,0.0033989898868020427,0.004893998730823719
1754,1998-02-09,1,0.001071978656629441,0.004705778131792426
1755,1998-02-10,1,0.0005055004361378195,0.001449890499870568
1756,1998-02-11,1,0.0012830099256379332,0.00226739719052676
1757,1998-02-12,1,0.0013259909893237251,0.002309151609336566
1758,1998-02-13,4,0.0024188209425222286,0.003996130135472518
1759,1998-02-14,2,0.0031963163491173846,0.00480604887669321
1760,1998-02-15,2,0.0023428063376550673,0.0075753356067365255
1761,1998-02-16,1,8.295003222380272e-05,0.002774240624756417
1762,1998-02-17,1,0.00044397579588061905,0.0010875335780196245
1763,1998-02-18,1,0.00024563588605307863,0.0013741658154317559
1764,1998-02-19,1,0.0006340980791601921,0.0014689693805947969
1765,1998-02-20,1,0.0004377040649285074,0.0011138886317926214
1766,1998-02-21,0,0.005084383121595992,0.006519758549773137
1767,1998-02-22,2,0.0024269389187391833,0.005618883807160972
1768,1998-02-23,1,0.001827986399982879,0.0026865615188817983
1769,1998-02-24,2,0.0038970116293389092,0.006425353687666334
1770,1998-02-25,1,0.0018727487851017814,0.005326100518202288
1771,1998-02-26,1,0.001908759462256924,0.0033184183870568116
1772,1998-02-27,1,0.0006545679947924999,0.0019479186663797319
1773,1998-02-28,1,0.0013674469410696179,0.0028577902112163892
1774,1998-12-01,1,0.0020003799397668408,0.005691702596324051
1775,1998-12-02,4,0.006717702399138203,0.012338680719196147
1776,1998-12-03,1,0.0032653099279871664,0.00519890431186625
1777,1998-12-04,2,0.0028135001323322324,0.004299736248919013
1778,1998-12-05,1,-0.00039898208411364675,0.002478781577906688
1779,1998-12-06,1,0.0011347546087498645,0.0025092710324911443
1780,1998-12-07,1,0.001397935518302975,0.0027491196201147507
1781,1998-12-08,1,0.002825833949525211,0.0034410882479869293
1782,1998-12-09,1,0.00017265804454932672,0.002026800175577362
1783,1998-12-10,1,0.0022334943371644595,0.0026301441897827616
1784,1998-12-11,4,0.002112329621419908,0.005001141919615319
1785,1998-12-12,1,0.0009588052701651123,0.001975236785329188
1786,1998-12-13,1,0.0011207482366450807,0.0021975326271444213
1787,1998-12-14,1,-0.0002758314740233412,0.0018272870114977612
1788,1998-12-15,1,0.00045573685860348826,0.0015132597490774922
1789,1998-12-16,1,0.0007343723467733229,0.002077394313537204
1790,1998-12-17,1,0.0006749562866665856,0.0016877484683369282
1791,1998-12-18,1,0.0009563355964910537,0.0037272967755268664
1792,1998-12-19,1,0.0003347281589090474,0.0024182280966787645
1793,1998-12-20,1,0.0007013750371539918,0.0037655656338966173
1794,1998-12-21,1,0.0001158820374658117,0.002602581948537637
1795,1998-12-22,1,0.0003386632408863762,0.0011703432481537366
1796,1998-12-23,1,0.0009170435837838312,0.0022354959994567683
1797,1998-12-24,0,0.003382334600541523,0.0039142928887000395
1798,1998-12-25,4,0.006414808874332101,0.006903184423470459
1799,1998-12-26,0,0.0038385511040290457,0.007117065190509905
1800,1998-12-27,3,0.008924709418264395,0.009457671086926207
1801,1998-12-28,3,0.008844249421842863,0.012567091571706646
1802,1998-12-29,4,0.007496265002252003,0.013309545257057279
1803,1998-12-30,1,0.001028745574331232,0.003320567137400149
1804,1998-12-31,2,0.0030008061168034293,0.005054198674779502
1805,1999-01-01,1,0.0006796531383733755,0.004264369373255966
1806,1999-01-02,1,9.772224016370038e-05,0.0010666805355313016
1807,1999-01-03,1,0.0006828099568449256,0.0014580352811479954
1808,1999-01-04,4,0.004925735377422543,0.007241467456819898
1809,1999-01-05,4,0.00415869403193336,0.007091536929124953
1810,1999-01-06,4,0.0032702134606157067,0.004885298608339306
1811,1999-01-07,4,0.0028477610237151395,0.007043075930626434
1812,1999-01-08,4,0.0026820822552427754,0.006015665790222937
1813,1999-01-09,4,0.0037834883971218907,0.006259475189548783
1814,1999-01-10,4,0.0045145821745596355,0.007949791430452243
1815,1999-01-11,1,-0.0003563880699428476,0.003231734959689021
1816,1999-01-12,4,0.001812437884193673,0.0034759231637109737
1817,1999-01-13,1,0.00032378121701175176,0.0014882039565297944
1818,1999-01-14,0,0.00433909109415522,0.007701857839510171
1819,1999-01-15,2,0.003913459941507624,0.005815948561482608
1820,1999-01-16,3,0.007350878733743112,0.006797036471120201
1821,1999-01-17,4,0.004120688584686386,0.00468978321230612
1822,1999-01-18,3,0.006872294592676097,0.00972635065360723
1823,1999-01-19,2,0.0040667237371006274,0.005393681912371671
1824,1999-01-20,3,0.00505780206894944,0.00829670124975894
1825,1999-01-21,2,0.002627016844000555,0.006443552776064154
1826,1999-01-22,0,0.004162143201496,0.004976991983740365
1827,1999-01-23,2,0.004334364573707742,0.007225402471539161
1828,1999-01-24,1,0.0006534244955833169,0.005061152734593632
1829,1999-01-25,1,0.0011296282140170779,0.002023423270147443
1830,1999-01-26,2,0.002276179429733135,0.004427141256530746
1831,1999-01-27,1,-8.734466651878328e-05,0.0022607627491982325
1832,1999-01-28,1,0.001378461322247017,0.003973802340427648
1833,1999-01-29,1,-3.586962885790026e-05,0.0018737514396148834
1834,1999-01-30,1,0.0003549880919881311,0.0013814423015766082
1835,1999-01-31,1,0.0014667722810197503,0.002476517671268084
1836,1999-02-01,1,0.0009913212341872931,0.003742962459784904
1837,1999-02-02,0,0.005009645305865316,0.0061951837018654095
1838,1999-02-03,1,0.0015017488722783561,0.0033987998454643176
1839,1999-02-04,2,0.0035396387294476233,0.006230314455504377
1840,1999-02-05,1,0.001616138777945093,0.004940758690972433
1841,1999-02-06,3,0.007136759584344761,0.008628389427599076
1842,1999-02-07,3,0.010017955751128425,0.01065926916486924
1843,1999-02-08,2,0.0034553206069582744,0.005703748065614721
1844,1999-02-09,3,0.010937391117380372,0.010934705437382366
1845,1999-02-10,1,0.0012071993177203764,0.00496454243762204
1846,1999-02-11,1,0.0007029262312518533,0.0025549525311071813
1847,1999-02-12,1,0.00180898965821617,0.0033742996537845607
1848,1999-02-13,1,0.0010932408189418628,0.0015003738556801072
1849,1999-02-14,1,0.0015685372326073336,0.003600662248196245
1850,1999-02-15,1,0.00018607447422216178,0.0014236253143048157
1851,1999-02-16,1,0.002270042304784905,0.0028537602186864937
1852,1999-02-17,2,0.005272510868607858,0.006162005800575501
1853,1999-02-18,2,0.004948915407641481,0.005034414260415639
1854,1999-02-19,4,0.0038712559316545635,0.008386343023783696
1855,1999-02-20,2,0.0020252828353360727,0.005531446584548443
1856,1999-02-21,2,0.00555744225678821,0.0067274810632868024
1857,1999-02-22,1,0.001803696392019377,0.0034713134376015402
1858,1999-02-23,4,0.005279319268860719,0.008206496349221852
1859,1999-02-24,0,0.002375496403245126,0.003431484711614133
1860,1999-02-25,0,0.004381840781811555,0.00555953215619847
1861,1999-02-26,1,0.0013887263344796754,0.0028763799290478175
1862,1999-02-27,4,0.004353822901901867,0.008778941134652054
1863,1999-02-28,0,0.004847883492248395,0.006801409657537271
1864,1999-12-01,1,0.0014545320868287503,0.002986217498144327
1865,1999-12-02,4,0.003736121320142378,0.005101630904497695
1866,1999-12-03,1,-0.00017213775642427778,0.0026691151905573487
1867,1999-12-04,1,0.00015380267836127726,0.001317441041217661
1868,1999-12-05,1,0.0007062849313150533,0.0013599123366586203
1869,1999-12-06,0,0.003567076434365184,0.00498221590982986
1870,1999-12-07,2,0.0019035200487162725,0.007015178950688732
1871,1999-12-08,1,-6.032245437842943e-06,0.0013197234028373861
1872,1999-12-09,4,0.0036330906282644564,0.005415328460716459
1873,1999-12-10,1,0.0008829101053970398,0.0030699860125535825
1874,1999-12-11,4,0.00350203128835615,0.006474932771287663
1875,1999-12-12,0,0.0035621138747207026,0.005353444058941925
1876,1999-12-13,2,0.004578714519228856,0.0057382265820853
1877,1999-12-14,4,0.004038467352865004,0.007783091192402856
1878,1999-12-15,4,0.006852891589817882,0.010761035885047092
1879,1999-12-16,2,0.003845217546379301,0.004957662846761987
1880,1999-12-17,1,0.0022365113988795557,0.004040977119498475
1881,1999-12-18,4,0.007368242756889927,0.008654471781495426
1882,1999-12-19,1,0.001657150583212948,0.004266292567170602
1883,1999-12-20,2,0.003947767252907577,0.007072585204554187
1884,1999-12-21,2,0.0037456033879617674,0.0069919367465030415
1885,1999-12-22,1,0.0008526529343819407,0.0020433447726368945
1886,1999-12-23,1,0.0009935103960674117,0.004518657740656252
1887,1999-12-24,1,0.0002461859027011408,0.0007472821831963305
1888,1999-12-25,1,0.00013453522993117122,0.0004249764918240094
1889,1999-12-26,1,0.0002277385796699208,0.0005232262363276235
1890,1999-12-27,1,0.00014525175641997467,0.00039484765014073046
1891,1999-12-28,1,-1.759798783871301e-05,0.0007378985282325292
1892,1999-12-29,1,9.578584110374456e-05,0.0003299307392170668
1893,1999-12-30,1,0.00015718974979187045,0.0007013585860791143
1894,1999-12-31,4,0.0016958070061576604,0.004601513883876752
1895,2000-01-01,0,0.002079806709437685,0.004251349715021215
1896,2000-01-02,4,0.0027475426123390557,0.0042754643940210914
1897,2000-01-03,1,0.0016505068802539066,0.003835165295540547
1898,2000-01-04,4,0.007410910005592591,0.008542726493443011
1899,2000-01-05,1,0.00041213444708006186,0.0042531607484024014
1900,2000-01-06,1,0.0005037266180505775,0.0012535151709810795
1901,2000-01-07,1,0.0007426049339608311,0.0020030865603906972
1902,2000-01-08,4,0.0049852863841746455,0.006057103672587379
1903,2000-01-09,3,0.005866741698311402,0.006524630093354585
1904,2000-01-10,3,0.008015328137596072,0.008898318777652478
1905,2000-01-11,3,0.009540012051865127,0.0107811116169764
1906,2000-01-12,1,0.0007673582087471777,0.0039748852851715635
1907,2000-01-13,0,0.003372441889949901,0.004179574913915461
1908,2000-01-14,0,0.002966073307391715,0.007039356874394544
1909,2000-01-15,0,0.0026242957451971935,0.005558216855242521
1910,2000-01-16,0,0.0029316748243472784,0.004824962143989635
1911,2000-01-17,1,0.0004239430721310506,0.0018877884434080653
1912,2000-01-18,3,0.004867350878502963,0.007983068789484288
1913,2000-01-19,1,-0.0004366927272507672,0.0038036258599751034
1914,2000-01-20,1,0.0013809311487391939,0.0025187580015714043
1915,2000-01-21,4,0.0017844123210092849,0.004511418424693972
1916,2000-01-22,2,0.00254098427174827,0.003929238699810321
1917,2000-01-23,1,0.0007993098189475412,0.001804512977483665
1918,2000-01-24,2,0.0017233393364669645,0.0038442000574793527
1919,2000-01-25,2,0.003475839376664553,0.005096004998005806
1920,2000-01-26,1,0.0013340354207012756,0.0035908947351520853
1921,2000-01-27,1,0.0009778194748071576,0.0032141721447317695
1922,2000-01-28,1,-6.608645432536396e-06,0.001302490879643634
1923,2000-01-29,1,0.0003065847375461687,0.0009421780711922764
1924,2000-01-30,1,0.00048642020213752975,0.0020234714796904577
1925,2000-01-31,1,0.001151139401961883,0.0023931579142056274
1926,2000-02-01,4,0.0030156565410326564,0.004642746643607909
1927,2000-02-02,1,0.0015011742610192248,0.004067784217164768
1928,2000-02-03,1,0.0010668517727759226,0.004682858779764703
1929,2000-02-04,1,0.0006388362470048401,0.0011780417089422934
1930,2000-02-05,1,0.0008452549052533675,0.0033267571324263876
1931,2000-02-06,1,0.0007496163528419058,0.0019744120412890542
1932,2000-02-07,1,0.0006778046791870035,0.0015777821999079557
1933,2000-02-08,1,0.0008405821323341963,0.0014652811524682068
1934,2000-02-09,2,0.0024642620164204198,0.003393385637018852
1935,2000-02-10,1,0.0014176440735348818,0.003657259906391459
1936,2000-02-11,2,0.0034356243232526234,0.004597171470160053
1937,2000-02-12,3,0.005846050625030646,0.008377056459548544
1938,2000-02-13,2,0.0045101969909997755,0.006241004797253844
1939,2000-02-14,3,0.011719883362218271,0.010207259856930979
1940,2000-02-15,1,0.0002424011767202936,0.006007154687359517
1941,2000-02-16,2,0.002487547122747483,0.00455956792667622
1942,2000-02-17,1,-1.3336213000355703e-05,0.004101754781054429
1943,2000-02-18,1,-6.446914311113435e-05,0.0014932865628523005
1944,2000-02-19,1,0.00029260192125378883,0.0006085706012681112
1945,2000-02-20,1,0.001679668175629166,0.002261755289099162
1946,2000-02-21,2,0.0023175513596657518,0.0034902197544041773
1947,2000-02-22,1,0.0007101551315970001,0.0020948037338967018
1948,2000-02-23,1,0.002432825895118455,0.004672197893839422
1949,2000-02-24,2,0.005567113129075653,0.007059593024198245
1950,2000-02-25,1,0.0022854678472244132,0.008436937760037885
1951,2000-02-26,2,0.002572212645939011,0.0030586378640713808
1952,2000-02-27,0,0.004019294729068253,0.005167395626887019
1953,2000-02-28,1,0.0014329722803340251,0.004060552511825552
1954,2000-02-29,1,0.0011536299302900154,0.0029161164260564387
1955,2000-12-01,1,0.0003614907285134527,0.0007820050326920085
1956,2000-12-02,1,0.0007000275108947305,0.001384548532265089
1957,2000-12-03,1,9.092188900336362e-05,0.00037686283787506707
1958,2000-12-04,1,8.242197302158627e-05,0.0007964992806602657
1959,2000-12-05,1,0.0003031553989412161,0.001139773146535016
1960,2000-12-06,1,0.0007956649152354331,0.001355916526523771
1961,2000-12-07,1,0.0001787986816869911,0.0014241572426904766
1962,2000-12-08,1,0.0004983815685460118,0.0016267791894237246
1963,2000-12-09,2,0.004560594574476177,0.00600577277432721
1964,2000-12-10,2,0.0019529467852569158,0.005429183036791099
1965,2000-12-11,1,-8.164734406006118e-05,0.002167918015107768
1966,2000-12-12,1,0.0015737588859471112,0.0028928019278301473
1967,2000-12-13,2,0.0031272695206599186,0.004053763822415112
1968,2000-12-14,3,0.00743654667790124,0.008425459416508845
1969,2000-12-15,3,0.005655558497593976,0.007559227282920522
1970,2000-12-16,0,0.0035334819193019824,0.004830923996457188
1971,2000-12-17,4,0.00529259032797256,0.006917916752712554
1972,2000-12-18,1,0.0009469801502721179,0.001844961212630987
1973,2000-12-19,2,0.0033010441298060504,0.004261128245595311
1974,2000-12-20,1,0.0004517643315513908,0.0023731669876985717
1975,2000-12-21,2,0.002464992710059732,0.0028314683970252046
1976,2000-12-22,2,0.0028117468083669233,0.0043500741280410125
1977,2000-12-23,1,0.001003345184996104,0.002282448908741061
1978,2000-12-24,1,0.0017242550685773188,0.003648113063119319
1979,2000-12-25,1,-0.00013067294663929289,0.0012794586655285865
1980,2000-12-26,1,0.000815549517018306,0.0016398487480173518
1981,2000-12-27,1,0.00048719535463330146,0.002164855717498806
1982,2000-12-28,1,0.00020458952430333878,0.0012509383823914328
1983,2000-12-29,1,0.0004723444241571084,0.0018868561073061949
1984,2000-12-30,1,0.001279715171011991,0.0033444680458930348
1985,2000-12-31,1,-9.93978683461766e-05,0.00164843678697541
1986,2001-01-01,1,0.0002652631742886539,0.0009150302886757576
1987,2001-01-02,1,0.0005544902047199607,0.0008681731519355599
1988,2001-01-03,1,0.0005056922717660639,0.0009285313417892835
1989,2001-01-04,1,0.0002495281706425924,0.0011411450929189346
1990,2001-01-05,1,0.0004679211038200231,0.0020070514253423054
1991,2001-01-06,1,7.266498429600243e-05,0.0003665163723216686
1992,2001-01-07,1,9.310135952072915e-05,0.00045096862367576305
1993,2001-01-08,1,0.00018025594699915896,0.0007332709498856352
1994,2001-01-09,1,0.0007109419389406856,0.0014758064823234566
1995,2001-01-10,1,0.0004320379073662882,0.003117564892399733
1996,2001-01-11,1,0.0018671446581898824,0.00337889901905462
1997,2001-01-12,1,0.0013707144706127424,0.0033520746004254073
1998,2001-01-13,1,0.0006783094438003204,0.002317772323753193
1999,2001-01-14,1,0.0011559526462835991,0.0028106898329821354
2000,2001-01-15,1,-0.00011977017276870405,0.0014526908176622306
2001,2001-01-16,1,1.887243748178089e-05,0.000485321432228003
2002,2001-01-17,1,0.0008484640204506461,0.0014702482421852054
2003,2001-01-18,1,0.0009246861557206736,0.0013980802793900965
2004,2001-01-19,4,0.003265005578332871,0.004052459024421834
2005,2001-01-20,1,-0.000575993008803674,0.0025321564065135835
2006,2001-01-21,1,0.0018332385982823588,0.0035652238621781086
2007,2001-01-22,1,-4.8622493220072914e-05,0.001418047506189782
2008,2001-01-23,1,3.048857012224795e-06,0.0003251051781197682
2009,2001-01-24,1,0.0012309026836760648,0.002513928215028224
2010,2001-01-25,2,0.0015619830239735437,0.005045145201956281
2011,2001-01-26,1,-0.0001889752672996171,0.0007165696829354336
2012,2001-01-27,1,0.00036198885623432486,0.0010640225629690034
2013,2001-01-28,1,0.00037887401012931543,0.0013057933328547765
2014,2001-01-29,1,0.0007342161377889407,0.0029245654975178404
2015,2001-01-30,4,0.0015832998108277676,0.006177093893009699
2016,2001-01-31,1,0.002311492620509266,0.003039215555902161
2017,2001-02-01,1,0.001494665450359067,0.002195438174220955
2018,2001-02-02,4,0.003845244556719432,0.004582917141722232
2019,2001-02-03,2,0.001873052435749384,0.004410006045111478
2020,2001-02-04,4,0.005132228703016386,0.01062300632995701
2021,2001-02-05,0,0.002577517790259882,0.006115142135027993
2022,2001-02-06,1,0.0017411119171845725,0.004298057657474425
2023,2001-02-07,1,-0.001421602437728404,0.005176149535656544
2024,2001-02-08,1,0.0001894693895420761,0.0014750934567678193
2025,2001-02-09,1,0.0017386215555644058,0.0022054103893094034
2026,2001-02-10,1,0.001451897961670184,0.0025868670146208844
2027,2001-02-11,1,0.0007543622720043214,0.002048709875573372
2028,2001-02-12,2,0.0021979393128833172,0.0029379611335717264
2029,2001-02-13,1,9.264028499059663e-05,0.0029873252433405603
2030,2001-02-14,1,0.0008237863455392493,0.0022322509839653947
2031,2001-02-15,4,0.002178612951613274,0.0046511373237102215
2032,2001-02-16,1,0.0018849668485032055,0.002905978247276723
2033,2001-02-17,1,0.0007049223897670787,0.0009297052525372447
2034,2001-02-18,1,0.0015971408772968078,0.0020727421582631134
2035,2001-02-19,1,0.0011145268789181939,0.002937646184635829
2036,2001-02-20,2,0.0020752565862676795,0.003839931466169116
2037,2001-02-21,1,0.0022535726932792267,0.0030980386834939646
2038,2001-02-22,1,0.0018179368725441318,0.0028735278395474136
2039,2001-02-23,1,0.0014723737816076982,0.00407820646222486
2040,2001-02-24,1,0.0010571090600093164,0.004657241311003859
2041,2001-02-25,2,0.0017257714898305172,0.0035206721242537517
2042,2001-02-26,1,0.00010684155811637624,0.00224706542585858
2043,2001-02-27,1,0.00015965669353790234,0.0011532259874086092
2044,2001-02-28,1,0.000682652137961453,0.001181569241507926
2045,2001-12-01,3,0.006582802128719463,0.006903922391480479
2046,2001-12-02,0,0.0045958970450194125,0.005817939903030059
2047,2001-12-03,2,0.003670898859498924,0.006319364680125627
2048,2001-12-04,1,0.001397009877899773,0.002475888411650396
2049,2001-12-05,3,0.005992429699218012,0.007432857916935679
2050,2001-12-06,3,0.010147881968999007,0.011682864426088046
2051,2001-12-07,1,0.00046760720706940376,0.0030690378179570234
2052,2001-12-08,1,0.001190233794097454,0.0021302134829230502
2053,2001-12-09,1,0.00043191971566697843,0.0016254996820423456
2054,2001-12-10,1,0.00014926498416428923,0.0007760624429145518
2055,2001-12-11,1,0.000216187860965544,0.0012582111003942302
2056,2001-12-12,1,0.00043643148772988717,0.0011371826024707192
2057,2001-12-13,4,0.0070166416671495705,0.008246994637243012
2058,2001-12-14,2,0.004183708876706472,0.008159080409712173
2059,2001-12-15,1,-0.00047856328637426126,0.0022346572910386174
2060,2001-12-16,4,0.002997138127073144,0.004040601486740266
2061,2001-12-17,2,0.0029925591781798356,0.005056286991313286
2062,2001-12-18,1,0.0017225382036172656,0.003464578043758849
2063,2001-12-19,1,0.0008683751160590006,0.0025016407198349545
2064,2001-12-20,1,0.0009515921565251708,0.0018353697209456926
2065,2001-12-21,1,0.0004229130089399918,0.00205998270142936
2066,2001-12-22,1,0.00028839111999632634,0.0012454718809677778
2067,2001-12-23,1,0.0002073688340130609,0.0009549456888124894
2068,2001-12-24,1,-9.569832002478422e-07,0.0005028468208131726
2069,2001-12-25,1,0.0003165433930871074,0.0009331465593518313
2070,2001-12-26,1,0.0007151758777896361,0.001794996531237207
2071,2001-12-27,1,0.0003082977589422657,0.0013046634828226121
2072,2001-12-28,1,0.0015781510374795241,0.003131087246925482
2073,2001-12-29,1,-0.00033697400059530026,0.0020701413604179856
2074,2001-12-30,1,0.00021744063048338282,0.0011208474008841671
2075,2001-12-31,1,0.001013613118214188,0.001993740184027539
2076,2002-01-01,1,-2.264061978235203e-05,0.0009279014149798943
2077,2002-01-02,1,0.0019286034509187313,0.002696363143644811
2078,2002-01-03,1,0.001975135580801562,0.003636711103753022
2079,2002-01-04,1,-0.00019414308027628717,0.0022406242818251037
2080,2002-01-05,1,0.00094751342997024,0.0033270080543314007
2081,2002-01-06,4,0.0032881357111283556,0.003877836274298159
2082,2002-01-07,0,0.0019760991907516764,0.006527159056524251
2083,2002-01-08,0,0.0015602009555748624,0.005864106595059993
2084,2002-01-09,1,0.000741565123584312,0.0028602809445469187
2085,2002-01-10,1,0.0001465484343607573,0.0008345435087519444
2086,2002-01-11,1,0.00016092719790858408,0.0003933277992443154
2087,2002-01-12,0,0.0022021008419646384,0.004399717669998025
2088,2002-01-13,1,0.0025508020548609765,0.008476161758111944
2089,2002-01-14,1,0.00018193467215355197,0.0006334568955799625
2090,2002-01-15,1,0.0004248554679234643,0.0015894166939344526
2091,2002-01-16,1,0.0004299963455008871,0.001554747852417996
2092,2002-01-17,1,0.0010651518303581783,0.0024949138688794654
2093,2002-01-18,1,0.0012976064435105258,0.0025326124993621957
2094,2002-01-19,4,0.004305608896039261,0.008581597442895663
2095,2002-01-20,0,0.005139336749616477,0.006696463714947318
2096,2002-01-21,3,0.008589601078350679,0.009352193975084909
2097,2002-01-22,4,0.002085044349778113,0.006947829188843696
2098,2002-01-23,4,0.0024950150890845225,0.005380299251977953
2099,2002-01-24,4,0.005265128250578832,0.008244175102533337
2100,2002-01-25,4,0.0059674324369254576,0.010347186159385966
2101,2002-01-26,0,0.004513182735108309,0.006108542248905035
2102,2002-01-27,2,0.002824175108667272,0.005257870135369319
2103,2002-01-28,1,0.00026147579136668225,0.0047969905326755045
2104,2002-01-29,1,0.000543139661214292,0.004742012987710596
2105,2002-01-30,1,0.0014493643105577317,0.003520208591743355
2106,2002-01-31,1,0.0015991317412223786,0.0025661346870133085
2107,2002-02-01,4,0.00228913960618433,0.0034206670421379932
2108,2002-02-02,1,0.0002499882454158143,0.0011224044530025593
2109,2002-02-03,1,0.0007871393870701969,0.002483140166954985
2110,2002-02-04,1,0.000676303471401452,0.0021331953607201153
2111,2002-02-05,1,0.0008563651519262995,0.0012576794306590974
2112,2002-02-06,1,0.0007482180620491965,0.0017434051435880644
2113,2002-02-07,4,0.004402071366025191,0.00769217501193525
2114,2002-02-08,0,0.0054530724034127075,0.008364663080558984
2115,2002-02-09,1,0.0007514555291571405,0.0033838297219976623
2116,2002-02-10,1,0.002065874800187567,0.0034092484197946163
2117,2002-02-11,1,0.00014427274855251734,0.0007290256722985086
2118,2002-02-12,1,0.0001336453892203516,0.0014389513682735483
2119,2002-02-13,1,0.00045886150467732686,0.001038609705773055
2120,2002-02-14,1,0.0007647130107473417,0.0024802206254493594
2121,2002-02-15,1,0.000855310768480516,0.0015359025278362396
2122,2002-02-16,1,0.001466935238902584,0.0021200280178819892
2123,2002-02-17,1,0.00033661838047826197,0.0014458108158604747
2124,2002-02-18,1,0.0011954145005180481,0.00271181877820632
2125,2002-02-19,2,0.003642262456874827,0.004200642702795332
2126,2002-02-20,2,0.002218825227524276,0.0056754817020462115
2127,2002-02-21,4,0.0026326840992215305,0.004529262342437753
2128,2002-02-22,4,0.003142603645115985,0.008307506410743121
2129,2002-02-23,0,0.0028195750447407237,0.004516642769455594
2130,2002-02-24,2,0.0016308610256136609,0.004976937667567324
2131,2002-02-25,1,7.682706562124321e-05,0.0036518516646411583
2132,2002-02-26,1,0.002003827453030693,0.003320743728394437
2133,2002-02-27,4,0.0022501000556663948,0.0042439608847887125
2134,2002-02-28,1,0.001688176300575021,0.0037304487553694475
2135,2002-12-01,1,0.00029753180715314247,0.0010253677154892372
2136,2002-12-02,1,0.00016136282756831907,0.0007114935925745409
2137,2002-12-03,1,0.0004385565103515598,0.002109387059596704
2138,2002-12-04,1,0.00036000110984533447,0.0014096963781575589
2139,2002-12-05,1,0.00029433838979625197,0.0009657741853089219
2140,2002-12-06,1,6.36201800804222e-06,6.150297429001174e-05
2141,2002-12-07,1,4.470072294268888e-06,7.996444478877066e-05
2142,2002-12-08,1,8.703267594827061e-05,0.00030616523672904
2143,2002-12-09,1,0.00025701708022004183,0.0005513150909185528
2144,2002-12-10,1,0.0012941468490574473,0.0024166272011858923
2145,2002-12-11,4,0.003365575367038154,0.005844959757297542
2146,2002-12-12,1,0.0022275232716737225,0.004031726175747293
2147,2002-12-13,0,0.002322419459636182,0.0033926665617978195
2148,2002-12-14,1,0.001390400440074584,0.0025808050540996694
2149,2002-12-15,2,0.0028465854810915776,0.006174161112687151
2150,2002-12-16,3,0.006281779035582837,0.007646864334514675
2151,2002-12-17,2,0.0014662968952761524,0.0056890617585982324
2152,2002-12-18,1,0.00035877946645873263,0.0015916256862124113
2153,2002-12-19,1,0.0005625977672240724,0.0012335069599893314
2154,2002-12-20,1,0.001533423103762894,0.002283110181318783
2155,2002-12-21,1,0.0015457109978787042,0.0029452003485052323
2156,2002-12-22,1,-5.833221733258282e-05,0.0015338213403001267
2157,2002-12-23,1,9.571920230649242e-05,0.000794784713727719
2158,2002-12-24,1,0.0006275147089421882,0.0024451431913143774
2159,2002-12-25,1,0.0009025239265530674,0.002086721932795772
2160,2002-12-26,0,0.003384933652855058,0.003593493674552712
2161,2002-12-27,0,0.007764605926695968,0.010216811531386805
2162,2002-12-28,1,0.0017978568518088648,0.003523455608971427
2163,2002-12-29,1,0.002074572703508522,0.005137739599204216
2164,2002-12-30,0,0.0029183925511466844,0.003983520955555589
2165,2002-12-31,2,0.005267410203278273,0.007077614984167846
2166,2003-01-01,1,-0.000305575091473211,0.0022349933713929028
2167,2003-01-02,1,0.002167618409991131,0.002606320225097357
2168,2003-01-03,1,0.0016080390803724655,0.0026400934455428435
2169,2003-01-04,4,0.0026443139122814003,0.004104058783307867
2170,2003-01-05,1,0.0007592940089363007,0.002803427006841203
2171,2003-01-06,1,0.00021483369880227244,0.0006107289648398328
2172,2003-01-07,1,0.0001901374566569148,0.0003704651208926969
2173,2003-01-08,1,2.1158005926730687e-05,0.00020895311214247052
2174,2003-01-09,1,2.8043953283548944e-05,0.0003766194122263061
2175,2003-01-10,1,0.000626541743826147,0.002533303223253454
2176,2003-01-11,1,0.0002939628957356123,0.0010996353148152393
2177,2003-01-12,4,0.003046396864041693,0.007029657603358034
2178,2003-01-13,1,0.0016097431713361658,0.002582057342948137
2179,2003-01-14,0,0.0026567191565607493,0.0047144592888485794
2180,2003-01-15,1,-0.0008453648387292228,0.003604731412508358
2181,2003-01-16,1,0.0003759912839335594,0.0011506533971534444
2182,2003-01-17,1,2.4687869991981945e-05,0.000811642396224802
2183,2003-01-18,1,0.0006922202569263651,0.001342366674896878
2184,2003-01-19,1,0.0006975908570145525,0.0013809804431889916
2185,2003-01-20,1,0.0005716675978124093,0.0018881182090643145
2186,2003-01-21,1,0.0028086392655679838,0.0038660560830464583
2187,2003-01-22,4,0.004279192824222111,0.004952171756876915
2188,2003-01-23,2,0.0026034884371549795,0.004891193821722241
2189,2003-01-24,1,0.0010421879305942303,0.003007182823416031
2190,2003-01-25,1,0.0021453995694989086,0.0025862456474357596
2191,2003-01-26,4,0.00444126884812431,0.008313704250506237
2192,2003-01-27,2,0.0056502219170504854,0.0071159467766192894
2193,2003-01-28,1,-0.0008106324859897264,0.004665852113101747
2194,2003-01-29,4,0.0029888034651498374,0.007025221561866033
2195,2003-01-30,3,0.00782626008469179,0.008659354484508412
2196,2003-01-31,4,0.006815845988761098,0.01583284791670115
2197,2003-02-01,2,0.0037990965730007272,0.006243667180686922
2198,2003-02-02,1,0.001761122249612527,0.004975254941248709
2199,2003-02-03,4,0.0035961238636099922,0.00819584808408079
2200,2003-02-04,1,0.0012187504346096454,0.0033024543176622782
2201,2003-02-05,1,0.0017039787772927342,0.005786782521053464
2202,2003-02-06,1,5.1658589704581084e-05,0.002002911073160433
2203,2003-02-07,1,0.0016170857838097765,0.002419491574451395
2204,2003-02-08,1,0.0007105742324309117,0.00258413360715419
2205,2003-02-09,1,0.0020106564190445824,0.004188948576445815
2206,2003-02-10,1,0.002327748297466515,0.004172715171569349
2207,2003-02-11,1,0.0002432729608239475,0.0008224938226987217
2208,2003-02-12,1,0.001069523161969907,0.0017444361519408428
2209,2003-02-13,2,0.0033190293917555657,0.004229482846930316
2210,2003-02-14,2,0.001603625660534898,0.003725980625195177
2211,2003-02-15,1,9.137606356390658e-05,0.001379245349435086
2212,2003-02-16,3,0.006403621909406903,0.0058388824025412
2213,2003-02-17,4,0.0013934398380722895,0.004954044054486392
2214,2003-02-18,1,0.0003973747200189472,0.0014633340654703127
2215,2003-02-19,1,0.0004852106534539514,0.0016565426332158068
2216,2003-02-20,4,0.003967546263048847,0.005390156465159998
2217,2003-02-21,4,0.006731742060983515,0.008297475774847523
2218,2003-02-22,2,0.0049978121411166036,0.007367233065821351
2219,2003-02-23,1,0.00021760333423896677,0.003123767504204118
2220,2003-02-24,1,0.001049342987328628,0.0018309809298551272
2221,2003-02-25,1,0.0012976453143427407,0.0023512628166183214
2222,2003-02-26,1,0.0006911333442110588,0.0017137381564899256
2223,2003-02-27,1,0.0006323669158718072,0.0019242333296201162
2224,2003-02-28,1,0.0009967293896213372,0.0014957872226915145
2225,2003-12-01,1,0.0006929922342966047,0.0033126617546275594
2226,2003-12-02,1,0.0008354477191684807,0.0016290288104681922
2227,2003-12-03,1,0.001238904222129436,0.0031540542257953393
2228,2003-12-04,1,0.0003313804797908843,0.0013612270862714347
2229,2003-12-05,0,0.0028051991741915062,0.004266934735407144
2230,2003-12-06,0,0.0038149276751960276,0.007094291709880742
2231,2003-12-07,2,0.003871182823957625,0.006873819673828688
2232,2003-12-08,1,-0.00026604391684872464,0.0033575117520165537
2233,2003-12-09,1,0.0003964858941927469,0.001115628697340127
2234,2003-12-10,1,0.0022327167874826312,0.002550403680974658
2235,2003-12-11,1,0.0004192158747238752,0.0017654832716467379
2236,2003-12-12,0,0.003104561415146141,0.0035161685231499744
2237,2003-12-13,3,0.008535054402340021,0.007919910911443699
2238,2003-12-14,0,0.00520304135929344,0.005812444234099375
2239,2003-12-15,1,0.0006223048026055934,0.004159986354116021
2240,2003-12-16,1,0.0017188063170503326,0.0024926219745709265
2241,2003-12-17,1,0.0005923787953043985,0.0022355486725264737
2242,2003-12-18,1,0.0006993119653114314,0.0010550902511386755
2243,2003-12-19,1,0.0009474861329857924,0.0018407009825794085
2244,2003-12-20,1,0.000789087613187744,0.0021095276221546376
2245,2003-12-21,1,0.0011380944219871133,0.0030690608647773007
2246,2003-12-22,1,-0.0006044577062032255,0.00201847062631991
2247,2003-12-23,1,0.0006566466287655565,0.001017248501077543
2248,2003-12-24,3,0.004732376976672187,0.007072616129086025
2249,2003-12-25,2,0.0019788244844615847,0.00619405703237018
2250,2003-12-26,2,0.006816464873192143,0.010782989137688133
2251,2003-12-27,1,0.001580487092606581,0.012234172413016015
2252,2003-12-28,2,0.002390100715299154,0.004375125522981411
2253,2003-12-29,3,0.007094132888711815,0.00967943409518528
2254,2003-12-30,2,0.0022657430236195084,0.006483123450143463
2255,2003-12-31,3,0.005196535712475201,0.006438171569509222
2256,2004-01-01,3,0.00898292648005165,0.00877112947695293
2257,2004-01-02,1,0.0016742141379631188,0.005146212454838742
2258,2004-01-03,1,0.0003938051069574405,0.004663282606033968
2259,2004-01-04,1,0.0012302678017724253,0.0031562296208807322
2260,2004-01-05,1,0.0007590626796845183,0.0026106571529752377
2261,2004-01-06,2,0.004084310534167828,0.003996491503805659
2262,2004-01-07,2,0.004618407008062721,0.005321237942012989
2263,2004-01-08,1,0.0006029400571812918,0.002596167358028297
2264,2004-01-09,1,0.0005466599351165497,0.0014282551164713924
2265,2004-01-10,1,0.00021471804122517272,0.001243552230554192
2266,2004-01-11,1,2.160759839725476e-05,0.00014257712338607988
2267,2004-01-12,1,0.00018563096319213136,0.0004472552196232658
2268,2004-01-13,1,8.536170485154056e-05,0.0007011340418697003
2269,2004-01-14,1,-3.138748825720938e-05,0.000621696843284441
2270,2004-01-15,1,0.0008372401994486281,0.002493746206271699
2271,2004-01-16,1,-0.0002014622705689779,0.0007533425221443911
2272,2004-01-17,1,1.94292986686684e-05,0.00014983108714011222
2273,2004-01-18,1,0.0005097195413351793,0.0016051547537042972
2274,2004-01-19,1,0.0005135366491916496,0.0023632652975580704
2275,2004-01-20,1,-0.0002617935858676746,0.0022253144493770277
2276,2004-01-21,1,7.543136207906641e-05,0.0005829865989338236
2277,2004-01-22,1,0.000554851892821577,0.0009115270895617061
2278,2004-01-23,4,0.003471359345827161,0.006652985882845181
2279,2004-01-24,4,0.005123401597892105,0.009790026551622548
2280,2004-01-25,4,0.0011788854747921418,0.005874899206012555
2281,2004-01-26,0,0.002026215839386289,0.004518277649652923
2282,2004-01-27,0,0.003984174146939907,0.005996243824902101
2283,2004-01-28,0,0.0047084265141518755,0.00565620427232258
2284,2004-01-29,4,0.006359309168320649,0.010646372962351136
2285,2004-01-30,0,0.003588212663553193,0.006076676676785666
2286,2004-01-31,1,0.0014365359265482898,0.0051722206003730386
2287,2004-02-01,1,0.0012627007688834817,0.002393362098315396
2288,2004-02-02,1,0.0015785067939817897,0.0023154084620140955
2289,2004-02-03,1,0.0014494858302587653,0.002421519026415983
2290,2004-02-04,1,0.0005931678705797429,0.0026026471721796265
2291,2004-02-05,1,0.0009567715533350414,0.002895294235254892
2292,2004-02-06,1,0.0013846280043751894,0.0020234555634961898
2293,2004-02-07,2,0.0032821643121214807,0.005121919760205736
2294,2004-02-08,1,0.0017487394686177533,0.005285111724473395
2295,2004-02-09,1,0.0015085830218616446,0.0058315827150710094
2296,2004-02-10,1,0.0010406279131452401,0.0019771978971613365
2297,2004-02-11,1,0.00021023605086572015,0.0007738143745563337
2298,2004-02-12,1,0.0012716136803518057,0.0016235956231961965
2299,2004-02-13,1,0.0008244372803567014,0.0016652686789345472
2300,2004-02-14,1,0.0007391561373758903,0.0016754986787403327
2301,2004-02-15,1,0.0010097845262785556,0.0016199326422277015
2302,2004-02-16,2,0.002476497372651198,0.003919361000030466
2303,2004-02-17,4,0.00440656277416155,0.005730889349133713
2304,2004-02-18,0,0.004267373213558864,0.00680525545693444
2305,2004-02-19,1,-0.000653687645864731,0.003451744905594851
2306,2004-02-20,1,1.3355996663021045e-05,0.0013396476145520215
2307,2004-02-21,1,0.000493755812314774,0.0017935121080305619
2308,2004-02-22,1,0.00047960547947927435,0.0010689637366208874
2309,2004-02-23,1,0.000943843977025476,0.0014143911881800665
2310,2004-02-24,1,0.0016913021940631156,0.002863792111741701
2311,2004-02-25,1,0.0012388646175138598,0.003185140284711092
2312,2004-02-26,2,0.006772336085323383,0.0077724650991899714
2313,2004-02-27,1,0.001339561234349841,0.003909075747006353
2314,2004-02-28,2,0.004785110732084581,0.006076056274020805
2315,2004-02-29,1,0.000653943424770712,0.003464690884643672
2316,2004-12-01,1,0.0005889492939304559,0.0015276561304326188
2317,2004-12-02,1,0.0010180141665562716,0.0016325241877439998
2318,2004-12-03,1,0.0008527130954895558,0.0017269817130793764
2319,2004-12-04,1,0.00035372360971275437,0.001237652441129725
2320,2004-12-05,1,0.0005765026112737856,0.001433266426516936
2321,2004-12-06,2,0.0023756230129324163,0.0035352556893990072
2322,2004-12-07,3,0.006619881166721305,0.008831586444860613
2323,2004-12-08,3,0.010521520910757733,0.01157060846967904
2324,2004-12-09,2,0.0034737595135890514,0.007071049090797661
2325,2004-12-10,4,0.003166818513520689,0.005692761674291443
2326,2004-12-11,0,0.0018416748686976713,0.00651945887046892
2327,2004-12-12,1,-0.00011808302669296828,0.0012875160074003584
2328,2004-12-13,1,0.0003997870385993539,0.0009463908529249872
2329,2004-12-14,1,0.0014741182826653342,0.002814143019386203
2330,2004-12-15,1,0.0014024100285122342,0.004000162939904652
2331,2004-12-16,1,5.774896915609681e-05,0.0012268878726593205
2332,2004-12-17,1,0.0001856554519487071,0.0006249564865194413
2333,2004-12-18,1,0.0003947920285515424,0.0008368083102830583
2334,2004-12-19,1,0.0004954776050337186,0.0011238239498998295
2335,2004-12-20,1,0.0008153753654911688,0.0021828647364807966
2336,2004-12-21,1,0.002105472018909298,0.0043659486028861235
2337,2004-12-22,1,0.0013640030382199237,0.002701850151097513
2338,2004-12-23,1,0.00103784580441816,0.0017466482261754303
2339,2004-12-24,1,0.0018879384850191267,0.0029578281611848875
2340,2004-12-25,1,0.000758664924828342,0.0015430807831786383
2341,2004-12-26,1,0.0005874569898632691,0.001689422420737002
2342,2004-12-27,1,0.0005126380327558785,0.0011102711909941117
2343,2004-12-28,1,0.0005799364910915169,0.0013316713919332372
2344,2004-12-29,2,0.00622918362770217,0.006707357005240585
2345,2004-12-30,3,0.0050452316942136794,0.007986921417238755
2346,2004-12-31,3,0.004765066488190504,0.008634815673374499
2347,2005-01-01,1,0.0009346269786685267,0.003149455240717416
2348,2005-01-02,1,0.0005721181976523237,0.0015200692484759527
2349,2005-01-03,1,0.0011293049075878556,0.002761933350816156
2350,2005-01-04,1,0.0002016819540064142,0.0024808742601623687
2351,2005-01-05,1,0.00023398300754049362,0.0016786131083397788
2352,2005-01-06,1,0.0010393469459340635,0.0022651492544004215
2353,2005-01-07,2,0.0029395900960720793,0.003460422687587457
2354,2005-01-08,3,0.008932021123867007,0.011604021000702371
2355,2005-01-09,2,0.00500215100871759,0.008485762152104526
2356,2005-01-10,1,0.0019128804772243757,0.005914665234697978
2357,2005-01-11,2,0.0020177742344751437,0.0068600057809941085
2358,2005-01-12,4,0.00196140440329435,0.007290835447838052
2359,2005-01-13,1,0.0012613959136206156,0.003644817809157301
2360,2005-01-14,1,0.00011157745331837139,0.001053358975611862
2361,2005-01-15,1,0.0012932344135569622,0.0016797711673957882
2362,2005-01-16,4,0.004203238367563599,0.005845422130039055
2363,2005-01-17,4,0.0029303867078996895,0.010371531397730527
2364,2005-01-18,4,0.0031736517289907445,0.007171522556739117
2365,2005-01-19,1,0.0009623999383536186,0.005306386243320194
2366,2005-01-20,1,0.00035258849559927443,0.002382922382508133
2367,2005-01-21,1,0.0002980924245788635,0.0019105269295309631
2368,2005-01-22,1,9.641127862730067e-06,0.00018677500357169952
2369,2005-01-23,1,2.263326200791283e-05,0.0004421919050954468
2370,2005-01-24,1,0.00016996765959043168,0.0006686340441137388
2371,2005-01-25,1,-8.041878284988499e-05,0.0010089528045029476
2372,2005-01-26,1,0.0002840783307647842,0.0009135750381247134
2373,2005-01-27,1,0.0007037020747750132,0.0019544527966688366
2374,2005-01-28,1,0.0003058035241140708,0.0012932737838322209
2375,2005-01-29,1,9.869329226860541e-06,0.002340182191825378
2376,2005-01-30,1,0.0006224302991360252,0.0015670297593954894
2377,2005-01-31,1,0.0003738557197231074,0.0013171749492413524
2378,2005-02-01,1,0.000503286397795265,0.001954189020423451
2379,2005-02-02,1,0.0003248131030331965,0.0006522948666885773
2380,2005-02-03,1,0.00027487146991910086,0.0007163682365205409
2381,2005-02-04,1,0.0006395654104653982,0.001711777057834028
2382,2005-02-05,1,0.0015106047956489482,0.005211249605948078
2383,2005-02-06,1,0.0008043184111964408,0.002337317668449453
2384,2005-02-07,1,4.340376331641235e-05,0.003075447813912264
2385,2005-02-08,1,0.000494936006002973,0.00153083387624333
2386,2005-02-09,1,0.000472598549774553,0.00169408371479076
2387,2005-02-10,1,0.0006547866065229268,0.0010530835352786498
2388,2005-02-11,1,0.0016925703597109635,0.002276530955200899
2389,2005-02-12,1,0.0013580626941946854,0.002425835122816071
2390,2005-02-13,0,0.00497698351969171,0.00713559339217837
2391,2005-02-14,2,0.0039295775471484854,0.006762595613878977
2392,2005-02-15,1,0.0003475104192246472,0.002790433844237326
2393,2005-02-16,1,0.00046434165229468875,0.0013421065844328153
2394,2005-02-17,1,0.0008511225491445802,0.0016195159183054844
2395,2005-02-18,1,0.0013265895750451194,0.0029149028486398195
2396,2005-02-19,1,0.0016610215228411215,0.003443415014396324
2397,2005-02-20,2,0.0035508998477676934,0.0057190994940025785
2398,2005-02-21,1,0.0007464890136644637,0.0018642157777451196
2399,2005-02-22,1,0.00020955855573895484,0.0006778953905574959
2400,2005-02-23,1,0.00028571480751502296,0.0007487185494661797
2401,2005-02-24,1,0.00017338228391756852,0.0004469464579081907
2402,2005-02-25,1,0.00015979044092430218,0.0005247782614798917
2403,2005-02-26,1,1.6637511003500473e-05,0.00015295415011802802
2404,2005-02-27,1,7.29858296537769e-05,0.0004019973275831291
2405,2005-02-28,1,0.0006692227947311133,0.0023399278285182712
2406,2005-12-01,3,0.010710467502137317,0.009809725765303472
2407,2005-12-02,2,0.004056353810598819,0.008182559633417382
2408,2005-12-03,2,0.0017667323932786675,0.004492575987283395
2409,2005-12-04,1,0.0018021843662592671,0.003160351372550738
2410,2005-12-05,4,0.006585076274280521,0.00827332053257361
2411,2005-12-06,1,0.0005150020304408595,0.004463642710235337
2412,2005-12-07,1,0.00040486294799695164,0.001202182411797671
2413,2005-12-08,1,0.0017423813562401655,0.002495393160024934
2414,2005-12-09,1,0.0009569304116522276,0.0014797910391196468
2415,2005-12-10,1,0.0008284427172080324,0.0012781576168551033
2416,2005-12-11,1,0.00020418067636388315,0.0007284928753211615
2417,2005-12-12,1,0.00043483535060851705,0.0008401678514732232
2418,2005-12-13,1,0.0017352155739009342,0.00510300769594803
2419,2005-12-14,1,-8.515303880430522e-06,0.0010789463163182235
2420,2005-12-15,1,0.000686179240170698,0.0022619705279184497
2421,2005-12-16,1,0.00013942212906152695,0.0019187118012671876
2422,2005-12-17,1,0.00034244262407007425,0.0016863824836936174
2423,2005-12-18,2,0.001976991455868965,0.003570814628826707
2424,2005-12-19,2,0.005063887006017382,0.005466824263273312
2425,2005-12-20,1,0.0018377188001861362,0.002445109535265912
2426,2005-12-21,1,0.0023333696036196942,0.004417191100302451
2427,2005-12-22,3,0.006795632345162852,0.008261169183071005
2428,2005-12-23,1,5.207641535215876e-05,0.004703251766349631
2429,2005-12-24,1,0.001296098244334451,0.0017882358372134045
2430,2005-12-25,1,0.0010083192864329008,0.002143944186764562
2431,2005-12-26,2,0.004017345950109525,0.005032233650864824
2432,2005-12-27,4,0.0029821718114374026,0.005250150362348078
2433,2005-12-28,3,0.009458675189083703,0.007797567462096473
2434,2005-12-29,2,0.001955370161477241,0.007453692480631978
2435,2005-12-30,3,0.007881545571618971,0.009430957943222825
2436,2005-12-31,3,0.011574174241774978,0.01596488287906032
2437,2006-01-01,1,0.001568502278625776,0.004991818568243019
2438,2006-01-02,3,0.005853428329963633,0.00787476651024047
2439,2006-01-03,2,0.0015029842546852694,0.005873838153389401
2440,2006-01-04,1,0.0019856405933191532,0.003560850451843595
2441,2006-01-05,1,0.0019856056164802008,0.002188941164495974
2442,2006-01-06,1,0.001335834069233585,0.0024339659162479345
2443,2006-01-07,4,0.004093606054188141,0.0055299669088563685
2444,2006-01-08,2,0.003189895783094862,0.005890030393925615
2445,2006-01-09,4,0.0020667322002355707,0.004225273813586049
2446,2006-01-10,0,0.00634223589097967,0.009442713562370237
2447,2006-01-11,3,0.006873561302376652,0.009667870200182959
2448,2006-01-12,1,0.00036953478807164595,0.003426842272232179
2449,2006-01-13,0,0.0036176277149950176,0.00534524134620443
2450,2006-01-14,0,0.0028237577321247567,0.004779621564880757
2451,2006-01-15,2,0.003962391096076151,0.0064989953951712824
2452,2006-01-16,1,0.0013905279618232217,0.003302029796784404
2453,2006-01-17,4,0.008793055210776675,0.011439499398152482
2454,2006-01-18,2,0.004267300115187794,0.007960795631752011
2455,2006-01-19,1,0.0012390298743778854,0.002924501796040793
2456,2006-01-20,0,0.00324165131821427,0.005640896613367203
2457,2006-01-21,1,0.0013954298170771719,0.002830431782132673
2458,2006-01-22,1,0.001243096944623078,0.0038190964617973097
2459,2006-01-23,1,0.0013214195497440581,0.0018801242639591264
2460,2006-01-24,1,0.000771838809816277,0.0013503851661132344
2461,2006-01-25,1,0.0004238820279233076,0.0010576609871684915
2462,2006-01-26,1,0.0007806764586518472,0.002076951934163783
2463,2006-01-27,2,0.002841228021686697,0.0034355307294382815
2464,2006-01-28,2,0.004839836862668636,0.005744442781110124
2465,2006-01-29,1,0.0023801066197359994,0.004022530371307759
2466,2006-01-30,3,0.009829145959886435,0.010458389133290391
2467,2006-01-31,1,0.0014942255652596085,0.0059856933401297874
2468,2006-02-01,4,0.005358422402896455,0.008157481719181837
2469,2006-02-02,2,0.0030888789850132825,0.0047092758226905135
2470,2006-02-03,2,0.0034209587449952204,0.005183983645756598
2471,2006-02-04,2,0.004302255810655445,0.004616757036895983
2472,2006-02-05,1,0.001736724177508971,0.004457544635327435
2473,2006-02-06,1,0.0010667776257943004,0.002430672189878392
2474,2006-02-07,1,0.0007360806706254321,0.001363358936082782
2475,2006-02-08,1,0.000750961248251397,0.0015832322006152078
2476,2006-02-09,1,0.0008608538248329702,0.0026907567336079087
2477,2006-02-10,1,0.00032217240621008685,0.0011736995160509171
2478,2006-02-11,1,0.0008156435154392059,0.001790300488471175
2479,2006-02-12,1,0.0004576084243954692,0.0009260654270996486
2480,2006-02-13,4,0.0027548135276216214,0.004389872403888554
2481,2006-02-14,1,0.0011511919612695923,0.003931828223037479
2482,2006-02-15,1,0.0012010996043671596,0.004046965757603688
2483,2006-02-16,1,-0.000431226073278019,0.002605300580600647
2484,2006-02-17,1,0.0006516784883765816,0.0021854118594630775
2485,2006-02-18,1,0.001501986681967688,0.0022795986651362307
2486,2006-02-19,1,0.0006775674352555998,0.002077413530465453
2487,2006-02-20,1,0.0010999199936080556,0.002034808458916387
2488,2006-02-21,4,0.0032080354925802207,0.005624069502687299
2489,2006-02-22,4,0.00441974083702479,0.0050427840286551544
2490,2006-02-23,0,0.004662150479711117,0.006865837942774361
2491,2006-02-24,1,0.0007624334876401435,0.003004292456894015
2492,2006-02-25,1,0.0007543337399062366,0.001666753257310691
2493,2006-02-26,1,0.0013465075011261224,0.002407669309113912
2494,2006-02-27,0,0.003936076865514132,0.007529246960819803
2495,2006-02-28,3,0.007198991012329931,0.007349418007458536
2496,2006-12-01,4,0.002360886340585435,0.00465466450454752
2497,2006-12-02,1,0.0001540582068449531,0.0012195519232472121
2498,2006-12-03,1,0.0012249154611753865,0.0016832627726224858
2499,2006-12-04,1,0.002102444178820803,0.0031814789401586265
2500,2006-12-05,1,0.000985568173520625,0.0029916620200510107
2501,2006-12-06,1,0.001161244419553305,0.0015696125334942511
2502,2006-12-07,1,0.0003403907955373594,0.0008604578625788364
2503,2006-12-08,1,0.0002286170931849398,0.0007188596685883429
2504,2006-12-09,1,0.00011118592624072352,0.0006491063853072164
2505,2006-12-10,1,0.001879679413807052,0.002946933721078156
2506,2006-12-11,1,0.0013188246410583055,0.003078308951684912
2507,2006-12-12,2,0.003507996575297181,0.003944114226564408
2508,2006-12-13,3,0.007132609936845551,0.007598975594107502
2509,2006-12-14,0,0.0060411218779505785,0.0066803240625054675
2510,2006-12-15,1,0.0006192603148233001,0.006037460976191374
2511,2006-12-16,1,0.0008482857319454008,0.003024272765851084
2512,2006-12-17,1,0.000925188405325228,0.002735467479494188
2513,2006-12-18,1,0.0003367040874597793,0.0017155541948545238
2514,2006-12-19,1,0.0008677993627779283,0.0014076477936547063
2515,2006-12-20,1,0.001206010502310076,0.003572031581868434
2516,2006-12-21,1,0.001152896894967672,0.0032513552132655463
2517,2006-12-22,1,0.0010198859181487084,0.004759503063131982
2518,2006-12-23,0,0.0032742554625561685,0.00417589054524095
2519,2006-12-24,1,0.0015718690240240601,0.004232250967319063
2520,2006-12-25,4,0.004694655354274986,0.006023220213976623
2521,2006-12-26,0,0.004468451189218342,0.0065206531827465535
2522,2006-12-27,2,0.003683884156707042,0.005110282719018128
2523,2006-12-28,1,0.0005889394007323553,0.006061409108718125
2524,2006-12-29,1,-0.00027122766570651473,0.0026429105048732674
2525,2006-12-30,1,0.00021122334621658082,0.0008387373196102616
2526,2006-12-31,1,0.0003605647857732967,0.0006489104259173608
2527,2007-01-01,1,0.0007165801453172886,0.0017143602091103847
2528,2007-01-02,0,0.003088616943729944,0.0055806791635319795
2529,2007-01-03,4,0.007684917604018151,0.008583738642653672
2530,2007-01-04,2,0.0036585782587822196,0.007500160581538137
2531,2007-01-05,1,0.0007639404063239319,0.0029091702736301055
2532,2007-01-06,4,0.005635855985225432,0.005540346724232529
2533,2007-01-07,4,0.0046140266091187244,0.005233905695920343
2534,2007-01-08,4,0.0021954022882459184,0.004381059302559806
2535,2007-01-09,1,0.0010225368031401391,0.0017127718413541047
2536,2007-01-10,1,0.0016106156579293646,0.002918370784792482
2537,2007-01-11,1,0.00024552795114776916,0.004267694046246518
2538,2007-01-12,1,-0.00021384348080005284,0.0021482174310171786
2539,2007-01-13,1,0.00015013039568546085,0.0012724902919812994
2540,2007-01-14,1,0.0002084135991338775,0.0009264987488561152
2541,2007-01-15,1,0.00045981984185702483,0.0007737858276459223
2542,2007-01-16,1,0.0007532043811904696,0.0010797402754458044
2543,2007-01-17,1,0.000608988448663064,0.0015580881305978823
2544,2007-01-18,1,0.0010351232723408031,0.0019093608919934517
2545,2007-01-19,1,0.001600103027032406,0.0026267689622275765
2546,2007-01-20,4,0.0030498834572283123,0.004665891562960217
2547,2007-01-21,1,0.0005141672898540321,0.0033254754191696803
2548,2007-01-22,4,0.0021929128253498314,0.0045831191736900945
2549,2007-01-23,4,0.0018527577847206095,0.004636566265157495
2550,2007-01-24,1,9.93755774566266e-05,0.0008947302672464289
2551,2007-01-25,1,0.00014307459020702033,0.0010536017475685946
2552,2007-01-26,1,0.00011759396422633514,0.000464259525724541
2553,2007-01-27,1,3.3477418345053645e-05,0.0002581575114561795
2554,2007-01-28,1,3.359079225874124e-05,0.00016682582888791016
2555,2007-01-29,1,0.00012310802879463722,0.0004857247814675139
2556,2007-01-30,1,0.0014786901134482258,0.004780801877439409
2557,2007-01-31,1,0.0009837396010098486,0.0030248766765024974
2558,2007-02-01,1,0.0010029501967758411,0.002344299397695571
2559,2007-02-02,1,0.0023218001664596774,0.0039539726906047245
2560,2007-02-03,1,0.0016494735272696648,0.0032770269350665448
2561,2007-02-04,4,0.0026714448752337095,0.00527240094789349
2562,2007-02-05,1,0.0008550031209827498,0.0029707254446657725
2563,2007-02-06,1,0.00041816711183898815,0.001267608779364993
2564,2007-02-07,1,0.00010776347786818317,0.0008804413812908299
2565,2007-02-08,1,0.0027465451856055795,0.003802956414843922
2566,2007-02-09,1,0.0024857530008394724,0.003571554803797038
2567,2007-02-10,2,0.0024886809539904848,0.0036687015140866816
2568,2007-02-11,2,0.005549273795899348,0.006387113304447946
2569,2007-02-12,1,-0.0006033258587479967,0.00524211552204927
2570,2007-02-13,1,0.0008844800596969503,0.0021894948821526198
2571,2007-02-14,1,0.0017826084920201605,0.0027121101357950607
2572,2007-02-15,4,0.00852356726676113,0.008342654798522694
2573,2007-02-16,2,0.002408102266752651,0.005967645188448696
2574,2007-02-17,1,0.0007752022657064031,0.0020288271804314102
2575,2007-02-18,4,0.004402881568852301,0.0059359687413140265
2576,2007-02-19,1,0.0018325301645473956,0.006203898041888663
2577,2007-02-20,0,0.004687831369725196,0.00620995511701332
2578,2007-02-21,1,0.0022245337103018684,0.0029038311993319042
2579,2007-02-22,0,0.004720580028744324,0.00523812591324185
2580,2007-02-23,2,0.002426157813572421,0.0039733811417076445
2581,2007-02-24,1,0.0013671401005146881,0.0022026992701588187
2582,2007-02-25,2,0.004299307004271375,0.007026083280909875
2583,2007-02-26,4,0.0032055565128062255,0.004712252055216368
2584,2007-02-27,2,0.0035370133446577727,0.004610618828015488
2585,2007-02-28,1,0.0011274650226962102,0.003735177315610913
2586,2007-12-01,1,0.0017425731089854874,0.004440202761084347
2587,2007-12-02,0,0.0048759444436508315,0.008336828069791498
2588,2007-12-03,0,0.009349447905734757,0.0119512404086561
2589,2007-12-04,0,0.001952667448013341,0.006587256941752427
2590,2007-12-05,1,0.00039823833318276407,0.003185161866069439
2591,2007-12-06,1,0.0017653902844995738,0.0028032956976449266
2592,2007-12-07,2,0.002212588379143927,0.005802050479913839
2593,2007-12-08,1,-0.0011947753997434188,0.0036714453658609906
2594,2007-12-09,1,0.0009867583828099635,0.002200916565901656
2595,2007-12-10,1,0.0005351767013213501,0.003849789437160795
2596,2007-12-11,1,0.0006236589864072944,0.0019522370891122244
2597,2007-12-12,1,0.0011372349978756144,0.0017748615875211302
2598,2007-12-13,1,0.0009389938525632677,0.002195351239653623
2599,2007-12-14,1,-2.830569563776911e-05,0.0012374278061261638
2600,2007-12-15,4,0.002905651818805168,0.003703972870191083
2601,2007-12-16,1,0.001372558011786118,0.0023510359017847103
2602,2007-12-17,0,0.002663834636173269,0.003650887616629993
2603,2007-12-18,0,0.0038974604454797062,0.005043387315080034
2604,2007-12-19,0,0.005409860570832283,0.007579586592069812
2605,2007-12-20,3,0.009236750100833803,0.00833026437864088
2606,2007-12-21,1,-0.00048299398280315817,0.0029915245974976717
2607,2007-12-22,1,0.0023763749219994986,0.003365485675714655
2608,2007-12-23,4,0.004230286301977275,0.005913702129610085
2609,2007-12-24,4,0.00597705832906913,0.00581875690352218
2610,2007-12-25,1,-0.0006235007129362853,0.0024981122330041887
2611,2007-12-26,4,0.002251546927319021,0.005389106725209743
2612,2007-12-27,1,0.0006754722819256434,0.0023493127747398037
2613,2007-12-28,4,0.004268456438460945,0.005353224380174736
2614,2007-12-29,4,0.005116215320578586,0.006225522888270494
2615,2007-12-30,2,0.005427354402207472,0.00557856096659569
2616,2007-12-31,1,0.0019902024311943206,0.0046822622323755446
2617,2008-01-01,1,0.0015563214731670542,0.0019307361006356961
2618,2008-01-02,1,0.0023315631676937934,0.0031230229700622103
2619,2008-01-03,1,0.0008166788030923533,0.001693496628584242
2620,2008-01-04,0,0.005596831956656782,0.008246052250471606
2621,2008-01-05,2,0.006169330112574062,0.0072356294105835085
2622,2008-01-06,2,0.0038088835212683075,0.005848719739423632
2623,2008-01-07,1,0.0006612858778717288,0.0024642403476534823
2624,2008-01-08,2,0.004322005966086106,0.006113512465745644
2625,2008-01-09,4,0.002906548736806742,0.005628640699136579
2626,2008-01-10,4,0.0047167848867976135,0.005629661680502635
2627,2008-01-11,4,0.006812156177107738,0.007948176674971772
2628,2008-01-12,1,0.0014466543323793785,0.0027302766209792496
2629,2008-01-13,1,0.0005636141693560961,0.0016128979372840829
2630,2008-01-14,1,0.001464438328238481,0.002401057719335336
2631,2008-01-15,0,0.002820072247292653,0.004625512046766112
2632,2008-01-16,1,0.000258630734399564,0.0015604172770362042
2633,2008-01-17,2,0.004391735372526472,0.006698907008231195
2634,2008-01-18,1,0.0018387318676251414,0.0032188890342867704
2635,2008-01-19,4,0.004916223572091951,0.005799793454236566
2636,2008-01-20,1,0.0003182317284002312,0.0036372635634148564
2637,2008-01-21,1,-0.00036659021051053226,0.002601320242961886
2638,2008-01-22,1,0.001972278178566746,0.005552754287053875
2639,2008-01-23,1,0.0004853438530979648,0.0017589088787384269
2640,2008-01-24,2,0.002338335229541872,0.002790968703119835
2641,2008-01-25,1,0.002001611233419942,0.002867047063718918
2642,2008-01-26,0,0.004139081468401127,0.006247677140422678
2643,2008-01-27,0,0.008521437887762273,0.00932228615909093
2644,2008-01-28,2,0.005182592583795673,0.0068125915825534115
2645,2008-01-29,0,0.0037690943457347496,0.004287114494152518
2646,2008-01-30,2,0.0024467245192592714,0.004618662007955476
2647,2008-01-31,3,0.00912326521291229,0.009319031423816923
2648,2008-02-01,4,0.0025616836131371243,0.005931808577660039
2649,2008-02-02,2,0.0027018766095129204,0.003897251651799199
2650,2008-02-03,2,0.004849408359423002,0.008214948423242158
2651,2008-02-04,1,-0.00014393644032069475,0.003570020853515356
2652,2008-02-05,4,0.002563520935232278,0.0038357906178559187
2653,2008-02-06,2,0.003500406143951384,0.004282626652813839
2654,2008-02-07,3,0.008684922749379166,0.008383825356221961
2655,2008-02-08,0,0.0052226498858274585,0.007429953973798227
2656,2008-02-09,0,0.005108115199800513,0.0061833188723524266
2657,2008-02-10,4,0.004178831903272767,0.007405679018049843
2658,2008-02-11,2,0.0026503911756183053,0.004117709782467337
2659,2008-02-12,4,0.004483887766755979,0.007220280549361549
2660,2008-02-13,2,0.005213114234951375,0.005541698685249
2661,2008-02-14,1,0.0004586168502672889,0.004334759717170104
2662,2008-02-15,4,0.0025972219743822583,0.0037253532090142966
2663,2008-02-16,1,0.002944463017377043,0.004352399829151961
2664,2008-02-17,1,0.00046387963155872805,0.0020263095405356015
2665,2008-02-18,1,0.0006512802395515732,0.0011425075672270265
2666,2008-02-19,1,0.0006815422485310489,0.0014448563736899128
2667,2008-02-20,1,0.00019400423821980655,0.0008026118075552071
2668,2008-02-21,1,0.0002851740057923335,0.001035660080764401
2669,2008-02-22,1,0.0008923300322038223,0.0022217909618716647
2670,2008-02-23,1,0.0004353519250635541,0.002351982071335703
2671,2008-02-24,2,0.005121485874511344,0.0070274204648164305
2672,2008-02-25,2,0.0028541844635099293,0.003933003259784757
2673,2008-02-26,1,0.0007341791410528552,0.0024752351816579063
2674,2008-02-27,1,0.0014834075859768464,0.0016889239967539974
2675,2008-02-28,1,0.002018474982271588,0.003769315226743995
2676,2008-02-29,1,0.0008511387039789767,0.0015525848956587814
2677,2008-12-01,1,0.0008995821452068084,0.0018138847881861726
2678,2008-12-02,4,0.00520231402852581,0.006152676450652291
2679,2008-12-03,1,0.00017573765170624756,0.004198923384665125
2680,2008-12-04,1,0.0008863791767256687,0.00197349664318906
2681,2008-12-05,1,0.002932459568833105,0.0034502409452745364
2682,2008-12-06,1,0.0015674626555712981,0.00497393342605271
2683,2008-12-07,4,0.0030051400688626126,0.0055371842374638755
2684,2008-12-08,1,0.0020400199601137295,0.00378110256743624
2685,2008-12-09,4,0.001859133981503536,0.004920139281369313
2686,2008-12-10,1,0.0009273509013068312,0.0018663310178641617
2687,2008-12-11,1,0.00024509323310914363,0.0007186519486894013
2688,2008-12-12,0,0.003698059510623946,0.003920915477092118
2689,2008-12-13,2,0.004215922222498265,0.0065042569084579225
2690,2008-12-14,1,-0.00046243963115298874,0.0037922520680676156
2691,2008-12-15,1,0.0008917014013927782,0.0023709295501864384
2692,2008-12-16,1,0.0012076302993960354,0.0030080384117301563
2693,2008-12-17,1,0.001835311346655971,0.0031791815822089053
2694,2008-12-18,2,0.003943866778285119,0.004698468095927733
2695,2008-12-19,2,0.0019531184833056997,0.003989521614713695
2696,2008-12-20,1,0.00127386989464469,0.0026719482726374126
2697,2008-12-21,0,0.005593548732715877,0.004838383746503694
2698,2008-12-22,2,0.005182482866960718,0.009571569588484978
2699,2008-12-23,1,-0.000526895549398646,0.004041537546679594
2700,2008-12-24,0,0.0034804480904662813,0.00407840198446758
2701,2008-12-25,3,0.009492672657221925,0.012522976960768048
2702,2008-12-26,1,-0.0009351769001273523,0.0048988589234773726
2703,2008-12-27,4,0.006245513523905226,0.00655627495577564
2704,2008-12-28,4,0.006983577309904525,0.007791790320109559
2705,2008-12-29,0,0.004684388585594521,0.006524852535798638
2706,2008-12-30,1,-0.00040030758490205846,0.002329609464226049
2707,2008-12-31,0,0.0033084887865457934,0.004628560076606978
2708,2009-01-01,4,0.007973318830520165,0.009751375994866843
2709,2009-01-02,3,0.006666748777724661,0.007903245674227148
2710,2009-01-03,1,-0.00043007523271111967,0.006007688669578994
2711,2009-01-04,1,0.0005552327763612807,0.0017085351867962377
2712,2009-01-05,4,0.0054676236160707044,0.005485107695688056
2713,2009-01-06,3,0.009956699883210223,0.010395760753068929
2714,2009-01-07,4,0.0074958018827300495,0.012338639213180078
2715,2009-01-08,4,0.005849410274080453,0.007966251887914218
2716,2009-01-09,1,0.0012855982306786817,0.003801603271218762
2717,2009-01-10,1,0.0020994870292545347,0.003720767176460525
2718,2009-01-11,4,0.004881098068955135,0.004156822578984592
2719,2009-01-12,2,0.0027468856490494237,0.004528312778182787
2720,2009-01-13,1,0.0005770183769081711,0.0013503402823849258
2721,2009-01-14,1,0.00012745555312148235,0.0009451593028717698
2722,2009-01-15,1,0.00031129150280643066,0.0028575508372224254
2723,2009-01-16,1,5.475857361814658e-05,0.0002148662532296909
2724,2009-01-17,1,0.00024976022610743114,0.0012268997343593629
2725,2009-01-18,1,0.00012359558853592138,0.0003560758521689704
2726,2009-01-19,1,3.8361992706838763e-05,0.00034727460357651094
2727,2009-01-20,1,0.00025085655157026406,0.0007436535109884297
2728,2009-01-21,1,0.0002979681333857926,0.001250918525489826
2729,2009-01-22,2,0.0022466164435117494,0.0036664013273067387
2730,2009-01-23,2,0.0012098093675966437,0.007077739907625162
2731,2009-01-24,2,0.004743116296025846,0.007123180894050905
2732,2009-01-25,1,0.0005763811254560012,0.005783868977695351
2733,2009-01-26,1,-0.0018825569581062478,0.0037463597543664017
2734,2009-01-27,4,0.0032840193079586954,0.00449171668544671
2735,2009-01-28,2,0.004431535765522528,0.005390737534604013
2736,2009-01-29,1,0.0013253498207397314,0.002914061837472039
2737,2009-01-30,1,0.0007395157870187058,0.001710339197244698
2738,2009-01-31,1,0.0002428048330119019,0.0009707298777295826
2739,2009-02-01,1,8.287869660429565e-05,0.0002806586688611172
2740,2009-02-02,4,0.002671687087462466,0.004507928279362148
2741,2009-02-03,1,0.0002997258293280451,0.0008256697747478422
2742,2009-02-04,1,0.00039961371869610973,0.0009726321140879625
2743,2009-02-05,1,0.000627714675780789,0.0012627263217138136
2744,2009-02-06,4,0.0037211991946563506,0.0074251619404189255
2745,2009-02-07,1,0.0007701659819451947,0.002606537097107698
2746,2009-02-08,1,0.001869416063142684,0.0027242637333284112
2747,2009-02-09,2,0.0031191662821087964,0.007842819288591306
2748,2009-02-10,1,3.1593893396931155e-05,0.003095132696677987
2749,2009-02-11,1,0.001322173415384825,0.002316484706151596
2750,2009-02-12,1,0.0005478089098432022,0.0018037960606440244
2751,2009-02-13,1,0.0006385366475421415,0.0014798251476604446
2752,2009-02-14,2,0.0019389644894742012,0.0031583818219503706
2753,2009-02-15,1,0.001465729314401652,0.00308310839097866
2754,2009-02-16,2,0.002021051828883139,0.002568006360044107
2755,2009-02-17,2,0.004828715242309919,0.00831791019728232
2756,2009-02-18,1,0.002287276732357193,0.004745600275024806
2757,2009-02-19,1,0.0008481214610427837,0.002413609344521031
2758,2009-02-20,1,0.0009164885632682051,0.0022688629378876056
2759,2009-02-21,1,0.00036019602636908684,0.0012675960401374643
2760,2009-02-22,1,0.001101382311536767,0.0015752748400893848
2761,2009-02-23,0,0.004161382278387204,0.005576645842545508
2762,2009-02-24,0,0.005389890783115692,0.0076437156813878426
2763,2009-02-25,0,0.005024100191534335,0.007930294498276107
2764,2009-02-26,0,0.0051452418261238924,0.005942140128070992
2765,2009-02-27,1,-9.924184232730705e-05,0.004376982044685861
2766,2009-02-28,1,0.0012883891467598647,0.0019402316968956074
2767,2009-12-01,1,0.0008533346314465353,0.0016520077288849013
2768,2009-12-02,1,-4.20227138381248e-05,0.0010177180665853372
2769,2009-12-03,1,-7.127147769998512e-05,0.0016759220415169817
2770,2009-12-04,1,0.0014112545752093591,0.0028137865060899533
2771,2009-12-05,1,0.0022850130630075304,0.004991354081196974
2772,2009-12-06,1,0.00031007297331224286,0.0018879949024506722
2773,2009-12-07,2,0.0019195753437505928,0.0040385643095721836
2774,2009-12-08,1,-0.0001136408828617657,0.001667914047517865
2775,2009-12-09,1,0.0010736065407294063,0.0019720385020680414
2776,2009-12-10,1,0.001721366536358214,0.0020512804691456164
2777,2009-12-11,1,0.0024241540585732755,0.002552770855080151
2778,2009-12-12,3,0.006131734401963974,0.006359287118608998
2779,2009-12-13,2,0.004696355675308721,0.010363610732650939
2780,2009-12-14,1,0.0005119142291357407,0.0036052518064748668
2781,2009-12-15,4,0.0038022259466024538,0.004892375748927958
2782,2009-12-16,4,0.0034741025459425145,0.006130503182880157
2783,2009-12-17,1,0.0013872590089726738,0.0032731900717030637
2784,2009-12-18,1,0.0005351528202263188,0.0012508587128008872
2785,2009-12-19,1,0.0019146741766054337,0.003494117457130366
2786,2009-12-20,4,0.003860893948377721,0.008501433887039219
2787,2009-12-21,1,0.00101780427679794,0.004315063176477955
2788,2009-12-22,1,0.0003731584411161949,0.00248288131818932
2789,2009-12-23,1,-0.0002104310475859357,0.002809716055951709
2790,2009-12-24,1,-0.00025856710971328665,0.0015134913813489783
2791,2009-12-25,1,0.0008033023886929234,0.001968193072136334
2792,2009-12-26,1,0.00022966966568913012,0.0010546506199974324
2793,2009-12-27,1,1.7606980493559178e-05,0.0007011600885311614
2794,2009-12-28,1,0.0008000267741767523,0.0011794051543745404
2795,2009-12-29,1,0.0010275294493599272,0.0014872772565751216
2796,2009-12-30,4,0.003825364346821841,0.007996482079307546
2797,2009-12-31,0,0.003404049060458881,0.005267726443280977
2798,2010-01-01,4,0.004603872645221673,0.005416977782719668
2799,2010-01-02,1,0.0019291634431285857,0.00554220885641482
2800,2010-01-03,1,0.0005216953494276653,0.00242999192087407
2801,2010-01-04,4,0.0038021178882344394,0.00721769720094975
2802,2010-01-05,2,0.0062428254592011324,0.00792241754779722
2803,2010-01-06,1,-0.0006704928312454182,0.003202028922448287
2804,2010-01-07,1,9.26653659168716e-05,0.0017533119324105663
2805,2010-01-08,1,0.00121724595213699,0.0016157960470760638
2806,2010-01-09,1,0.0010572148058191995,0.002170140490252076
2807,2010-01-10,1,0.00016156029239332607,0.0006714688851517221
2808,2010-01-11,1,0.0003754056780394455,0.0008529814996720873
2809,2010-01-12,1,0.002009562108339728,0.004156235068237049
2810,2010-01-13,1,0.001262396974731957,0.0029146657523706925
2811,2010-01-14,1,0.0003523071897551081,0.0018340626160070538
2812,2010-01-15,1,0.0006294661117239715,0.0014145506396318326
2813,2010-01-16,1,0.001397782491727294,0.0037272378399302707
2814,2010-01-17,1,0.00010315865467648368,0.0007514270490308344
2815,2010-01-18,2,0.002037748816390567,0.00442780043934677
2816,2010-01-19,1,0.000860106210666622,0.003730610460923989
2817,2010-01-20,1,0.0007564628166367449,0.0018790268268192175
2818,2010-01-21,2,0.002007874307121484,0.004700862116147648
2819,2010-01-22,2,0.005337768746711432,0.007982355397776409
2820,2010-01-23,2,0.003622255929197761,0.008570391944826814
2821,2010-01-24,2,0.0016249645330722064,0.004415970213508468
2822,2010-01-25,1,0.002073935965611943,0.003820189000649526
2823,2010-01-26,1,0.0016142450329151665,0.0025453833059430222
2824,2010-01-27,1,-0.0005745606427494397,0.0022033252804710295
2825,2010-01-28,1,0.00016456894499982142,0.000550272335844226
2826,2010-01-29,1,0.000510716459499261,0.0009156354488736075
2827,2010-01-30,1,0.001126447721883932,0.002264990821756907
2828,2010-01-31,2,0.003879236324761506,0.005744104697124607
2829,2010-02-01,1,0.0008071305147639059,0.0037380668910434404
2830,2010-02-02,4,0.001811703972069009,0.0040051870595423835
2831,2010-02-03,1,0.0011229333177231971,0.0020307586705033596
2832,2010-02-04,1,3.590473577621502e-05,0.0014604391828291932
2833,2010-02-05,2,0.002880063212786909,0.003123882582151557
2834,2010-02-06,1,0.00015328489307681736,0.002966022856607637
2835,2010-02-07,1,-0.0002828167971978247,0.0007188571076745838
2836,2010-02-08,1,7.755302901454703e-06,0.0003957200344577863
2837,2010-02-09,1,0.00012061980583160448,0.0004239248137962124
2838,2010-02-10,1,0.0011009276540234205,0.0016700857539329126
2839,2010-02-11,2,0.002959649200525034,0.003074486096787823
2840,2010-02-12,4,0.005692706794699082,0.006387254358031319
2841,2010-02-13,2,0.0034003928805709876,0.0057722066756784795
2842,2010-02-14,1,0.000977034304223047,0.002370614264109317
2843,2010-02-15,1,0.001573245154404153,0.0025619296567015977
2844,2010-02-16,1,0.0007632353171197698,0.0019024773470204305
2845,2010-02-17,1,0.0010397642533086127,0.0016378237768976901
2846,2010-02-18,1,0.0009965067704683275,0.0031766645306360343
2847,2010-02-19,1,0.0008516684806305659,0.0026134433411647154
2848,2010-02-20,1,0.0002819770157886319,0.002186055268700057
2849,2010-02-21,1,-4.196216748886613e-05,0.0012232236531365594
2850,2010-02-22,1,0.00038098295727610087,0.0008888626964257714
2851,2010-02-23,1,0.0015607853136239962,0.0015921024152845882
2852,2010-02-24,2,0.003781710646318053,0.004570745755558604
2853,2010-02-25,1,0.0009759146667059952,0.0036435522044860327
2854,2010-02-26,1,0.00048660245514776094,0.001496999711511223
2855,2010-02-27,1,0.0007150997164676835,0.0011603858069980902
2856,2010-02-28,1,3.227088265277224e-05,0.0012353904444564125
2857,2010-12-01,2,0.003578281338724613,0.0043031927491553315
2858,2010-12-02,0,0.005882381736090543,0.006758985042743678
2859,2010-12-03,2,0.0028521332917756824,0.007468371057015431
2860,2010-12-04,2,0.002366337288741453,0.004335513513623645
2861,2010-12-05,1,0.0008293648264084671,0.004573790981828729
2862,2010-12-06,2,0.0038881681494089045,0.005605313583740075
2863,2010-12-07,1,-0.0008841536068312345,0.002574087210641731
2864,2010-12-08,0,0.002527353737202504,0.0035053018778238563
2865,2010-12-09,0,0.002670278051319421,0.005529419485408941
2866,2010-12-10,4,0.007885874080068347,0.009433708453303494
2867,2010-12-11,1,0.0025445187313782825,0.004064503981358132
2868,2010-12-12,4,0.005067837314036501,0.01054681790099186
2869,2010-12-13,1,0.00203175354561271,0.0032373815805111766
2870,2010-12-14,3,0.0067933958927367845,0.007320805907656213
2871,2010-12-15,1,-8.564282688718149e-05,0.005491928296061274
2872,2010-12-16,1,-0.00010594485717062285,0.002084252265531342
2873,2010-12-17,1,0.0008733796688863866,0.0016994764518474116
2874,2010-12-18,2,0.005657248859407213,0.006341982191120622
2875,2010-12-19,3,0.009699290344107703,0.012180952647317937
2876,2010-12-20,1,-8.216428402549507e-05,0.006596943741757344
2877,2010-12-21,1,0.0014710293809346033,0.004555339201278662
2878,2010-12-22,2,0.0034211982136453547,0.005440298772205787
2879,2010-12-23,1,-0.0013384608117342255,0.0035332459837113445
2880,2010-12-24,1,0.0002511432037248121,0.0009796982067720149
2881,2010-12-25,1,0.0004082427351778771,0.0008275862027766286
2882,2010-12-26,1,0.0019253857492394753,0.00301591628640663
2883,2010-12-27,1,0.001483264778359325,0.003229856618970504
2884,2010-12-28,4,0.005280944750885967,0.008611810673588335
2885,2010-12-29,3,0.008312962388877866,0.012079067708565537
2886,2010-12-30,1,-0.001972966679029417,0.005669467776514679
2887,2010-12-31,1,-0.0006408097112011008,0.0015639960955495164
2888,2011-01-01,1,0.0010284398995660889,0.0018403250620849351
2889,2011-01-02,1,0.0019426241730138524,0.0032329028535928103
2890,2011-01-03,1,0.00033391221425830333,0.0017554056479530073
2891,2011-01-04,1,0.0019842256270750703,0.0031271515783502127
2892,2011-01-05,1,0.0023425742308732715,0.005394785419413039
2893,2011-01-06,1,0.002301259922924997,0.003711472485231706
2894,2011-01-07,4,0.0026611691200080566,0.006083078752765091
2895,2011-01-08,1,0.0015256725029183865,0.00385707387368502
2896,2011-01-09,1,0.0002628653700320191,0.002476098803351105
2897,2011-01-10,1,-3.3197083367374636e-06,0.0018303081434156451
2898,2011-01-11,1,0.0005583374889254761,0.0012730865950910332
2899,2011-01-12,0,0.00502925354051781,0.005941715968786277
2900,2011-01-13,3,0.0063207718242383705,0.008511628628666466
2901,2011-01-14,0,0.002134038079496115,0.005692305499570778
2902,2011-01-15,4,0.002375911838355528,0.003562197762042586
2903,2011-01-16,3,0.011969940349441696,0.010983335948468405
2904,2011-01-17,4,0.005750408421633802,0.012593157792233328
2905,2011-01-18,2,0.002287618600313488,0.004283098099311298
2906,2011-01-19,2,0.00275675320588756,0.007541698731737307
2907,2011-01-20,1,0.002693556512244321,0.002803239140726488
2908,2011-01-21,4,0.006374439445381668,0.008259358278189724
2909,2011-01-22,2,0.0034017419578838194,0.006900803131164556
2910,2011-01-23,1,0.001985749946527749,0.0031831390511238167
2911,2011-01-24,4,0.0025033877813946375,0.004642074106584252
2912,2011-01-25,1,0.0008305763927332826,0.0030474817740980846
2913,2011-01-26,1,0.00015188052741353157,0.0015181383123076483
2914,2011-01-27,1,0.0003823800808761622,0.0016962810512370075
2915,2011-01-28,1,0.0004917396734837693,0.001706920167167588
2916,2011-01-29,4,0.002683974215742582,0.007264663634629552
2917,2011-01-30,1,0.000586175211496631,0.0025493975616752928
2918,2011-01-31,1,-0.0003252248324664122,0.0013288216971757436
2919,2011-02-01,1,9.553285492451175e-05,0.0012691243555824185
2920,2011-02-02,1,0.0003484541574724336,0.0009642092692771248
2921,2011-02-03,1,0.0015283508395198915,0.0017655096738661673
2922,2011-02-04,0,0.003875008963397485,0.0050196931825388195
2923,2011-02-05,2,0.0069639227276114225,0.010890551310119859
2924,2011-02-06,1,0.0031196172385115433,0.004004497684877283
2925,2011-02-07,2,0.006193147311565585,0.008112071936223136
2926,2011-02-08,1,-0.0010320767162122295,0.0037090977771684175
2927,2011-02-09,1,0.0004129048592631084,0.001181082401258831
2928,2011-02-10,1,0.0009893922349747887,0.0016835631899669386
2929,2011-02-11,1,0.0012685010304369377,0.001567272034795402
2930,2011-02-12,1,0.0009284406590968406,0.0012510818469951013
2931,2011-02-13,1,0.0007268962902345135,0.0017741491475599157
2932,2011-02-14,1,0.0004517757804564803,0.0008884001961068265
2933,2011-02-15,0,0.0026697785545000017,0.006610432995369345
2934,2011-02-16,3,0.00578326653725613,0.0071427756477780375
2935,2011-02-17,1,0.00030749934864228895,0.0038048538350379424
2936,2011-02-18,1,0.002525330831654488,0.003349066242557293
2937,2011-02-19,2,0.005975540105659882,0.006764522410205353
2938,2011-02-20,1,0.0008558644974451231,0.004453785715147741
2939,2011-02-21,1,0.0006532143651974915,0.002627733414034716
2940,2011-02-22,0,0.003842142741333923,0.006347216546350634
2941,2011-02-23,1,0.0014717166120695212,0.002567601471589306
2942,2011-02-24,2,0.0021220645321431966,0.004396673949279592
2943,2011-02-25,3,0.004931706447860241,0.009230092563963876
2944,2011-02-26,1,1.1237695495550116e-05,0.005537489602146376
2945,2011-02-27,1,0.0016504425070585818,0.0031152966994781044
2946,2011-02-28,0,0.0036485038661382067,0.007052231836612705
2947,2011-12-01,1,5.763029124584456e-05,0.0017574777470923926
2948,2011-12-02,1,0.0021492577261697466,0.0033722728742604825
2949,2011-12-03,1,0.0007859361568032078,0.003812699128803637
2950,2011-12-04,1,0.0013166689703404061,0.003200592451287174
2951,2011-12-05,1,0.0003544553874051233,0.0013478437826007668
2952,2011-12-06,1,0.0013698897280605003,0.0015917162746847346
2953,2011-12-07,1,0.00038273831710912176,0.0010708909733140508
2954,2011-12-08,1,4.8559650326676645e-05,0.0005962859115177019
2955,2011-12-09,1,0.00014745701569139386,0.0005635453083069909
2956,2011-12-10,1,0.0002792105333770078,0.0010411921800063094
2957,2011-12-11,1,0.00012271306709173187,0.000636099725098467
2958,2011-12-12,1,0.0006148264474559336,0.0017044131238425709
2959,2011-12-13,1,0.0007113663909326017,0.001354715768246966
2960,2011-12-14,1,0.0008797490285513558,0.0014624614147416234
2961,2011-12-15,1,0.000834501413153226,0.00235342828239199
2962,2011-12-16,1,0.0005639422020466858,0.0011204781527962004
2963,2011-12-17,1,0.0004188571303452361,0.0010597301995507098
2964,2011-12-18,1,0.0005341853384946083,0.0017649599849932497
2965,2011-12-19,1,-0.00019800773814952934,0.0011317327603511626
2966,2011-12-20,1,0.0011154399483660003,0.0018923328609479402
2967,2011-12-21,2,0.00490180380178226,0.0064096668594551395
2968,2011-12-22,1,-0.00020802548163007244,0.0017786440309305
2969,2011-12-23,1,0.0009551565920125526,0.0024900924848487217
2970,2011-12-24,1,0.0010630098856573894,0.0018349416725744715
2971,2011-12-25,1,0.0003260550776588648,0.0009193008988591718
2972,2011-12-26,1,0.00017934918929127418,0.0007095879906603968
2973,2011-12-27,0,0.0022614034482584585,0.003222394589103734
2974,2011-12-28,0,0.006832835781583839,0.008318079121429827
2975,2011-12-29,2,0.00271192665102267,0.004992337849815983
2976,2011-12-30,0,0.009549202859274387,0.010748102732940515
2977,2011-12-31,1,0.00040126182385798707,0.004677027658184045
2978,2012-01-01,1,0.0008545841173236737,0.0014292334672657975
2979,2012-01-02,1,0.0004789879608337392,0.0010900405809329008
2980,2012-01-03,1,0.0001457959009001571,0.0007679494570858794
2981,2012-01-04,1,0.00021742349516802896,0.0007140047591790913
2982,2012-01-05,1,0.000347575201902546,0.0013305806476397296
2983,2012-01-06,1,-8.717162382667525e-05,0.0007859305748042403
2984,2012-01-07,1,0.0006187097710067649,0.0025659106650072695
2985,2012-01-08,1,0.00013514162724724145,0.0008562630102700668
2986,2012-01-09,1,7.981498463550687e-05,0.0011280828878525357
2987,2012-01-10,0,0.0041864306443959946,0.005828329654672333
2988,2012-01-11,1,-0.0002491214444719056,0.002342195930097837
2989,2012-01-12,1,0.00043283272640813565,0.000905918430584909
2990,2012-01-13,1,0.0004059083806651451,0.000927141899313953
2991,2012-01-14,1,0.0007054861918958378,0.002002776078244897
2992,2012-01-15,1,0.0006561854051050716,0.0019244715705069248
2993,2012-01-16,1,0.0009420991650893178,0.0030177721284014134
2994,2012-01-17,0,0.002646770640029533,0.005204313023214782
2995,2012-01-18,3,0.011235499442992715,0.009902508676410356
2996,2012-01-19,3,0.012261576436484819,0.012262370156612747
2997,2012-01-20,2,0.003411999477769232,0.006109658018065327
2998,2012-01-21,3,0.007958653696699562,0.010957298331829091
2999,2012-01-22,1,0.0003648162626489016,0.006288420862205831
3000,2012-01-23,2,0.0030000925940214173,0.0038231420575630818
3001,2012-01-24,1,0.0004632364917436443,0.0040246335684255416
3002,2012-01-25,0,0.0031720330876543633,0.003684962287590474
3003,2012-01-26,3,0.005978622512993538,0.006390332629826601
3004,2012-01-27,1,-0.0002823148077836013,0.0028131569518853694
3005,2012-01-28,1,0.0015783871162952626,0.0018848224456330177
3006,2012-01-29,1,0.0012925832609290795,0.003056094485998207
3007,2012-01-30,0,0.002607799774148207,0.005271385661860611
3008,2012-01-31,1,6.351798930082184e-05,0.0011575853116053657
3009,2012-02-01,1,0.002350584779479518,0.004012159367208452
3010,2012-02-02,1,0.002207740265289084,0.006302974934615395
3011,2012-02-03,1,1.7018517491741013e-05,0.0015219586269337726
3012,2012-02-04,1,5.251071186194017e-05,0.0003170628322259556
3013,2012-02-05,1,0.00011339881446973983,0.00044724785015510783
3014,2012-02-06,1,0.000502880711167335,0.001343237088989731
3015,2012-02-07,1,0.0003643242404475602,0.0012076599555966825
3016,2012-02-08,2,0.00232935478471606,0.00279538847004382
3017,2012-02-09,1,0.0006739034104942265,0.0015582607291839226
3018,2012-02-10,2,0.0036867915128260685,0.004646966084289156
3019,2012-02-11,1,0.00021427802217200196,0.002572782242697721
3020,2012-02-12,1,0.001431478171996234,0.004069429493593313
3021,2012-02-13,1,0.000711184668635358,0.002550924299954902
3022,2012-02-14,1,0.0010848256047593149,0.0022818193916776916
3023,2012-02-15,1,0.00032430794546010796,0.0022217670804156892
3024,2012-02-16,1,0.001086985941053556,0.0018048878086372767
3025,2012-02-17,1,0.0008895980002014841,0.0012077512075856882
3026,2012-02-18,2,0.003281741186824591,0.004104756772388553
3027,2012-02-19,1,0.0007125116696708623,0.004152097778085152
3028,2012-02-20,0,0.002765023920704264,0.004133016297347299
3029,2012-02-21,3,0.011620477362725201,0.00992581591887836
3030,2012-02-22,3,0.010553413588487923,0.012952911927838042
3031,2012-02-23,1,0.0015832316398316415,0.004867935795236656
3032,2012-02-24,1,0.0016990266779511036,0.0018013949856515343
3033,2012-02-25,0,0.005826887535997046,0.008304625888987489
3034,2012-02-26,1,0.0010774183116724872,0.0024082672279172723
3035,2012-02-27,1,0.0017721433598330678,0.0028898887172674496
3036,2012-02-28,1,0.0015579841483578422,0.0035589347963468545
3037,2012-02-29,2,0.005345427412605276,0.005547073575827512
3038,2012-12-01,0,0.002553108681625787,0.005533032676396027
3039,2012-12-02,0,0.008141337706309967,0.008741495674335088
3040,2012-12-03,1,-0.0014411281785798355,0.005090320377389572
3041,2012-12-04,3,0.006266279450718095,0.007765573863909459
3042,2012-12-05,0,0.0030203445596404172,0.005855841774643945
3043,2012-12-06,1,0.002046693117623206,0.004334786362238545
3044,2012-12-07,0,0.0042956750098758914,0.0070683996382754095
3045,2012-12-08,2,0.0026653239432523116,0.00440728249741162
3046,2012-12-09,1,0.0010588803226227095,0.0023107023870617962
3047,2012-12-10,2,0.005425072468823643,0.004603143814142911
3048,2012-12-11,0,0.00285147551206874,0.004117642417194807
3049,2012-12-12,0,0.0031979362176027047,0.004780987802113747
3050,2012-12-13,1,0.0005148431308823453,0.0019203823841803082
3051,2012-12-14,2,0.0021183908741633397,0.0026848815188220882
3052,2012-12-15,1,0.0005952609819587394,0.004219598813115492
3053,2012-12-16,2,0.004361620249254481,0.005428251575593347
3054,2012-12-17,3,0.008272185335035305,0.007813305691223937
3055,2012-12-18,1,0.00023258064939773513,0.0028402186845420774
3056,2012-12-19,1,0.00026451518205505105,0.0017381610694354123
3057,2012-12-20,1,0.0016557045785829795,0.0020273477407760088
3058,2012-12-21,1,0.0012284411289770164,0.002351226160285675
3059,2012-12-22,0,0.002576361079563962,0.004138706219381602
3060,2012-12-23,2,0.002990359916685108,0.0037641912672229873
3061,2012-12-24,2,0.002744801957988136,0.0042253487486964255
3062,2012-12-25,1,-0.0008196323223324164,0.002371858590355118
3063,2012-12-26,2,0.001973349112734085,0.004068138833810749
3064,2012-12-27,1,2.9918257054576674e-05,0.0028267205053556423
3065,2012-12-28,1,8.88983275064591e-06,0.0008701150025067246
3066,2012-12-29,1,0.0004164843429276396,0.0010265679146487052
3067,2012-12-30,1,3.468219754668206e-05,0.0007974408219183694
3068,2012-12-31,1,-0.00020325726866203534,0.002615514968928058
3069,2013-01-01,1,0.0005066713129819527,0.0015516957969264455
3070,2013-01-02,1,0.00032107581775139854,0.0010272667446411306
3071,2013-01-03,1,0.0009984014606463831,0.001607074987075255
3072,2013-01-04,1,0.0007168902848665173,0.0022922720922541706
3073,2013-01-05,1,0.0002789604761321223,0.0007942317696881517
3074,2013-01-06,1,0.001265291706098116,0.0025626431790601286
3075,2013-01-07,4,0.0039782731772742795,0.0060111290535633565
3076,2013-01-08,1,0.00196260417294063,0.003026056135520682
3077,2013-01-09,4,0.002977688153026734,0.00593031809426455
3078,2013-01-10,2,0.0036801609153693376,0.004682796691669896
3079,2013-01-11,1,-0.0007463976274678509,0.004936529162758693
3080,2013-01-12,1,-5.361841441765939e-05,0.0015481696216604341
3081,2013-01-13,1,0.00048060945093717297,0.0016519322538180907
3082,2013-01-14,1,0.002574717759491273,0.003184086953927171
3083,2013-01-15,1,0.0020602942484609934,0.003112430915943937
3084,2013-01-16,1,0.0007280460068860446,0.0013165236744321714
3085,2013-01-17,1,0.0008158955123194286,0.0011620242490497934
3086,2013-01-18,1,0.00021640926305473257,0.0005462708568804541
3087,2013-01-19,1,2.7175203314835887e-05,0.0003416949558992077
3088,2013-01-20,1,0.00010620520413476212,0.0005314129032910138
3089,2013-01-21,1,0.00010468052907946085,0.00047810348114272393
3090,2013-01-22,1,0.0002846621432976545,0.0006605277709315236
3091,2013-01-23,1,0.0012698130926075948,0.002394491941816982
3092,2013-01-24,2,0.0020984629378190114,0.0033945441433073384
3093,2013-01-25,1,0.0013470617348186557,0.003202722291106272
3094,2013-01-26,1,0.002073347585897531,0.003493315712098746
3095,2013-01-27,2,0.0028775187100678586,0.006399912601668364
3096,2013-01-28,4,0.0011128981454322155,0.008027675484422068
3097,2013-01-29,1,0.002879590407900372,0.004486559968258615
3098,2013-01-30,3,0.009020447870658583,0.010908511591033124
3099,2013-01-31,4,0.0034211528935130793,0.006810975130232237
3100,2013-02-01,2,0.003135530281218435,0.005321239511407906
3101,2013-02-02,1,0.00027339328616231523,0.0010114121540007967
3102,2013-02-03,1,0.00022490910458068677,0.000715169290763329
3103,2013-02-04,1,0.0005997221074605306,0.0012068522218670482
3104,2013-02-05,1,0.0007341225617204685,0.0016851626927863472
3105,2013-02-06,1,0.0007678071930833525,0.002142754272151762
3106,2013-02-07,1,0.00015215653273391086,0.0008993487996128534
3107,2013-02-08,2,0.0025321048694057994,0.004213959671118768
3108,2013-02-09,2,0.0034144863216715904,0.005743325591371778
3109,2013-02-10,1,0.0002546240848122803,0.0049369303610269305
3110,2013-02-11,1,0.0003909706759078622,0.0012971232507536482
3111,2013-02-12,1,0.001965224873666956,0.00230462249469349
3112,2013-02-13,0,0.003924318031963093,0.005553942666976864
3113,2013-02-14,1,0.0018566167128391197,0.0035906808871950615
3114,2013-02-15,1,0.0009043962449839631,0.001703783963904255
3115,2013-02-16,1,0.0016270576525409177,0.0026286194015241707
3116,2013-02-17,4,0.0038104574849273515,0.007115077315391986
3117,2013-02-18,1,0.00045823926644475514,0.0023757561947177716
3118,2013-02-19,1,0.0007705690227862583,0.0020889792200891075
3119,2013-02-20,1,0.0009667334593577024,0.00246170478010087
3120,2013-02-21,1,0.0011110948564338997,0.0030456509717815467
3121,2013-02-22,4,0.003047603592566135,0.004551154321238652
3122,2013-02-23,2,0.003479724889724565,0.004823249575782567
3123,2013-02-24,1,-0.0006717401848386682,0.0022070004228593823
3124,2013-02-25,1,0.0023729755048880787,0.002383762540598812
3125,2013-02-26,1,0.000991927437696319,0.0034963875922589703
3126,2013-02-27,1,0.00012348684909214413,0.0013015840243641727
3127,2013-02-28,4,0.003537656202929192,0.004012617290061316
3128,2013-12-01,0,0.008318598884346289,0.010724486315123625
3129,2013-12-02,3,0.007632378347217961,0.010941583128224264
3130,2013-12-03,1,-0.0004284037845742813,0.0062808419571797145
3131,2013-12-04,1,-0.0011115103553049717,0.002957540247120455
3132,2013-12-05,1,0.00032443967616978936,0.001101681038999929
3133,2013-12-06,1,0.0007377168376616494,0.0017726448458621504
3134,2013-12-07,1,0.0016154785914093612,0.002714858614484161
3135,2013-12-08,1,0.00016333033682396837,0.0026563588652675236
3136,2013-12-09,1,0.0028808588317087817,0.003637767698558216
3137,2013-12-10,1,0.002679743197759041,0.0038670800059130883
3138,2013-12-11,1,0.0011680816660504328,0.001658822646862319
3139,2013-12-12,1,0.0009118822345007861,0.0013834460272702854
3140,2013-12-13,1,0.001613625849392428,0.0023110242029151765
3141,2013-12-14,1,0.0008711620703271674,0.001591594464607149
3142,2013-12-15,1,0.00032245091365797724,0.0009790139899720875
3143,2013-12-16,1,3.4031079061694786e-05,0.0006063274693358352
3144,2013-12-17,1,0.0005733433633213997,0.001289194747123358
3145,2013-12-18,1,0.0014073317263385919,0.0030334636984150494
3146,2013-12-19,1,0.00023225238446823875,0.0032432110989006895
3147,2013-12-20,1,0.0009249485822840546,0.004914092128569408
3148,2013-12-21,1,0.001455246600482822,0.003948688965154466
3149,2013-12-22,2,0.003948107592300755,0.005667659712283537
3150,2013-12-23,0,0.006753153410623799,0.007448238446170174
3151,2013-12-24,1,0.0017598312819565225,0.004675883097778005
3152,2013-12-25,1,0.0005021416467475397,0.0012257654927122874
3153,2013-12-26,1,0.00038870160106813323,0.0011121866978908185
3154,2013-12-27,1,0.00024295822931007151,0.0011181737593382297
3155,2013-12-28,1,0.0003076149960037791,0.001287419536029307
3156,2013-12-29,1,4.130682334212328e-05,0.0012452370245666779
3157,2013-12-30,0,0.0029114083333507375,0.003654043911179277
3158,2013-12-31,2,0.006425957943015914,0.00668088247857691
3159,2014-01-01,1,0.0013766277852279292,0.004449766053243708
3160,2014-01-02,1,0.0009171616063835053,0.001396668128954723
3161,2014-01-03,0,0.0036610560216472337,0.006834376631203331
3162,2014-01-04,1,0.0004916423831288331,0.0032873041921674543
3163,2014-01-05,1,-5.396976105383416e-05,0.0023071086542694025
3164,2014-01-06,1,0.0024639329188172253,0.0037070328902680106
3165,2014-01-07,1,0.0014890980209307195,0.0019683209063736094
3166,2014-01-08,0,0.0025126162978814704,0.0030843098922349634
3167,2014-01-09,2,0.005232835437663155,0.005546279960966505
3168,2014-01-10,0,0.005021803783443395,0.006157595937415724
3169,2014-01-11,3,0.008143313100558583,0.008123907264526541
3170,2014-01-12,2,0.005155361180215912,0.006248245110506633
3171,2014-01-13,2,0.005789972351990361,0.007347675473673907
3172,2014-01-14,1,0.0019531209307316424,0.003631539765263815
3173,2014-01-15,1,1.4802194568139822e-05,0.0005419287638343158
3174,2014-01-16,1,2.0459809767872556e-05,0.00022607791603701372
3175,2014-01-17,1,0.00012513176277601263,0.0005044768772766889
3176,2014-01-18,1,0.00017887023579567956,0.0005100940579682929
3177,2014-01-19,1,3.348573602153615e-05,0.00020004708844746435
3178,2014-01-20,1,7.472748694525172e-05,0.0004035717860696479
3179,2014-01-21,1,9.356360898645146e-05,0.0002912667953474227
3180,2014-01-22,1,0.001281122867664463,0.001869402699119956
3181,2014-01-23,1,-0.0005340201343608116,0.0014731024120502969
3182,2014-01-24,1,0.00045801630278054255,0.0010189403134275793
3183,2014-01-25,1,5.606908832606253e-05,0.0004715663165597326
3184,2014-01-26,1,0.0013823922112663719,0.0042980273862950865
3185,2014-01-27,1,-5.467999574880961e-05,0.0010224306540780371
3186,2014-01-28,1,0.0012248228823513855,0.0024853088963969327
3187,2014-01-29,3,0.013626457276314478,0.010310893329442548
3188,2014-01-30,1,0.0001854311861124728,0.007458083840545813
3189,2014-01-31,1,0.0007155300982403518,0.002836288965643289
3190,2014-02-01,1,7.379316376476033e-05,0.001983629224325414
3191,2014-02-02,1,0.0009119890686782982,0.0015943050840179218
3192,2014-02-03,1,0.0020128569133565054,0.0030276968139674003
3193,2014-02-04,1,-0.0004694959946818354,0.0023418604300051715
3194,2014-02-05,1,0.0007489151570733943,0.002489153128371591
3195,2014-02-06,1,0.0020793289126180858,0.0037572912755991575
3196,2014-02-07,3,0.007214282985622956,0.007852043145842936
3197,2014-02-08,3,0.008832102104180584,0.013401324494810553
3198,2014-02-09,2,0.0028117079417973438,0.007917833674612247
3199,2014-02-10,1,0.0012921737773717262,0.0035196555833574973
3200,2014-02-11,4,0.003179360349681744,0.004052307608977547
3201,2014-02-12,3,0.008303663209932779,0.009451639716303487
3202,2014-02-13,2,0.00477438086659747,0.005546202084873111
3203,2014-02-14,3,0.007258896080583123,0.0069393404357697705
3204,2014-02-15,0,0.0038359618045227008,0.008056904390193737
3205,2014-02-16,0,0.0036199891611325523,0.005181230946724286
3206,2014-02-17,0,0.003007451232665855,0.005288140512731226
3207,2014-02-18,0,0.0030435369354258578,0.004184577211077978
3208,2014-02-19,2,0.0037927820031927765,0.005636201695695871
3209,2014-02-20,4,0.0038207485392323646,0.005395495119612864
3210,2014-02-21,2,0.0029562498803343985,0.006786464931327172
3211,2014-02-22,2,0.003598769453367785,0.009888268295032232
3212,2014-02-23,0,0.005219929704042605,0.005830769520590487
3213,2014-02-24,2,0.002972679146318612,0.00575523039629174
3214,2014-02-25,1,-0.00023586083446279138,0.003659151399817631
3215,2014-02-26,1,0.0011189286237784154,0.0021686205494908634
3216,2014-02-27,2,0.005639088177522253,0.005267008414855457
3217,2014-02-28,2,0.0051191922965705934,0.01051604991622083
3218,2014-12-01,0,0.00350121165219874,0.00399217063249207
3219,2014-12-02,1,-0.0001221675656195147,0.0013883638865627547
3220,2014-12-03,2,0.0027217014645289327,0.0030689788783350653
3221,2014-12-04,0,0.003068337607621681,0.004855782766745417
3222,2014-12-05,1,0.0004171612017158428,0.0016902290197995367
3223,2014-12-06,1,0.0014812640594015875,0.0026986862380868103
3224,2014-12-07,1,-7.543884762596428e-05,0.0010421827694622637
3225,2014-12-08,1,0.00018700614662854126,0.0006096836766637119
3226,2014-12-09,1,0.00036301146454797474,0.0007550374641674996
3227,2014-12-10,1,9.537383106204662e-05,0.00038220211105349165
3228,2014-12-11,1,0.00024710911874799616,0.000535626699662122
3229,2014-12-12,1,0.0008079312767855491,0.001809777885178497
3230,2014-12-13,0,0.003668556899838597,0.006238049211965792
3231,2014-12-14,1,0.0013342232264537063,0.005788112795162387
3232,2014-12-15,1,-0.001315544658322228,0.004667384076499896
3233,2014-12-16,1,0.0016258624403535397,0.0023442132877632346
3234,2014-12-17,1,-6.843106861023697e-05,0.0011543264280988233
3235,2014-12-18,1,0.0011355918466156938,0.0016044978824856654
3236,2014-12-19,0,0.003371415531239208,0.0038396099567623823
3237,2014-12-20,2,0.004654694556514748,0.005323956468379821
3238,2014-12-21,3,0.009794507854275115,0.010866473204752649
3239,2014-12-22,2,0.0036418928289104497,0.005278172860048354
3240,2014-12-23,1,0.0011251320939626435,0.0023362925102319377
3241,2014-12-24,0,0.007326751709333762,0.006609792337754779
3242,2014-12-25,2,0.0018179555582971793,0.006784606405690379
3243,2014-12-26,1,-0.0009523767179356578,0.0031356688612782287
3244,2014-12-27,0,0.0035490161324162905,0.0046227997979848634
3245,2014-12-28,2,0.003404597358068246,0.005873847983013651
3246,2014-12-29,1,-0.0014269480566719746,0.002373736071695534
3247,2014-12-30,1,0.00019813791199651913,0.00126342907594262
3248,2014-12-31,1,0.001233397394286543,0.0015133287668755097
3249,2015-01-01,1,0.0018764738563884034,0.0020179757145584736
3250,2015-01-02,4,0.0031675452901406328,0.0040009502461139075
3251,2015-01-03,1,0.0005354900900306961,0.0033212935387649505
3252,2015-01-04,4,0.007037040194983191,0.009834749006517136
3253,2015-01-05,3,0.009102434384871997,0.012870394379905784
3254,2015-01-06,1,-0.0002602338774587348,0.0037110294399857993
3255,2015-01-07,1,7.85060575886389e-05,0.0011718209705270258
3256,2015-01-08,1,1.9098045701717854e-05,0.00045385538267903155
3257,2015-01-09,1,-5.3754342039218855e-05,0.0005611139812994668
3258,2015-01-10,4,0.0020748987209089132,0.005613646989543953
3259,2015-01-11,1,0.0012331930925429796,0.003319064367081011
3260,2015-01-12,1,-7.171305742214939e-06,0.0031286556852032394
3261,2015-01-13,1,-0.0010885274550774117,0.0036184880631746777
3262,2015-01-14,1,0.00019126784064791102,0.0004876118682288718
3263,2015-01-15,1,0.0008386979034074587,0.0013299297913376385
3264,2015-01-16,4,0.003794269139949723,0.004974215921659978
3265,2015-01-17,4,0.002220335774269505,0.005561768043138692
3266,2015-01-18,0,0.0033716395359665065,0.005251134157679155
3267,2015-01-19,1,0.0010274568073302983,0.0026162250706142343
3268,2015-01-20,1,0.0004649804408527392,0.002054844633763023
3269,2015-01-21,1,0.0004697433344890733,0.0018376221617193156
3270,2015-01-22,1,0.0005459379666885672,0.0012727807020243864
3271,2015-01-23,1,0.0008330802712702752,0.0016649210405222882
3272,2015-01-24,4,0.0030447900436914458,0.004417581541086966
3273,2015-01-25,1,0.0003997756961964175,0.0014276625318666914
3274,2015-01-26,1,0.0002607312967448112,0.0006523505518593122
3275,2015-01-27,1,0.0010897077966991295,0.002346143710663737
3276,2015-01-28,1,0.0006751213741022599,0.0030217501650735804
3277,2015-01-29,1,-8.245608990290588e-05,0.001930896835993623
3278,2015-01-30,1,0.0006660173156100786,0.002326260189161455
3279,2015-01-31,1,0.0005242711839052884,0.001559526777097929
3280,2015-02-01,1,0.002273376883494353,0.0031596979802172983
3281,2015-02-02,2,0.0037491293142550407,0.005083629733690636
3282,2015-02-03,3,0.006663137451903854,0.0067150295909230865
3283,2015-02-04,2,0.0028096770706773637,0.007423764105271062
3284,2015-02-05,1,0.0011521357036516186,0.004323305407061903
3285,2015-02-06,0,0.001676976861916377,0.005104687970189434
3286,2015-02-07,0,0.004900171773063537,0.007440287706744605
3287,2015-02-08,1,0.0004131886579019263,0.001860083241260282
3288,2015-02-09,0,0.004569704585152551,0.0057267293124721045
3289,2015-02-10,1,0.0011118133054743543,0.003071494303131265
3290,2015-02-11,1,0.0004611870296375985,0.0011898470539818274
3291,2015-02-12,1,0.0002201346719165537,0.0008735218922249716
3292,2015-02-13,1,0.00019770079514999807,0.0005621064396129693
3293,2015-02-14,1,0.0002632294611145189,0.0005856096517734287
3294,2015-02-15,1,0.0017177880998555852,0.003553180022482098
3295,2015-02-16,1,0.0013972733705813088,0.0043159417049853654
3296,2015-02-17,1,0.0005250421106278016,0.001712677490408761
3297,2015-02-18,1,0.0006078056276855454,0.0011412103519182876
3298,2015-02-19,1,0.0005007864122697271,0.0009712775514087006
3299,2015-02-20,2,0.004741393311936002,0.006306590041236054
3300,2015-02-21,1,0.0005468346269591018,0.0033500355326690173
3301,2015-02-22,1,-0.0007110918474290596,0.002178793079073945
3302,2015-02-23,1,0.001041576314447669,0.0014826579565953486
3303,2015-02-24,1,0.0017731775382867645,0.002404031365224958
3304,2015-02-25,1,0.0029188598266400266,0.00468159911634543
3305,2015-02-26,1,0.0005527266656250926,0.0026653166422263737
3306,2015-02-27,1,0.0003351609058938475,0.0012779320034726753
3307,2015-02-28,1,0.0003700950300487069,0.0016690486206514055
3308,2015-12-01,1,0.0009346426416620382,0.0017456722466317747
3309,2015-12-02,1,0.0017177438567142034,0.0024849029111283717
3310,2015-12-03,1,0.0007955113802309497,0.0012304091115943375
3311,2015-12-04,1,0.0021713923445564024,0.003512844564547589
3312,2015-12-05,1,0.0003459691360023015,0.0014818051381328995
3313,2015-12-06,1,0.0014068544774968063,0.0023533249309411635
3314,2015-12-07,3,0.009504610675081505,0.010844819728677343
3315,2015-12-08,1,0.0009230583994916778,0.006159128961509318
3316,2015-12-09,1,0.0019383181818482407,0.003305693398495394
3317,2015-12-10,0,0.005667704724941865,0.006374699126298461
3318,2015-12-11,1,-0.000264251173388869,0.004209527031714399
3319,2015-12-12,1,0.0013991934469910854,0.0033823040730407757
3320,2015-12-13,0,0.0054363770681052585,0.005808264967384227
3321,2015-12-14,2,0.0037694263129378056,0.008144100467008242
3322,2015-12-15,1,-0.0010567672476052947,0.0054958494771248255
3323,2015-12-16,2,0.004497044130238508,0.004413031834690043
3324,2015-12-17,1,0.0018003823590412192,0.0038351859413559264
3325,2015-12-18,4,0.0065761288123366785,0.007891485029534658
3326,2015-12-19,0,0.003743576140686108,0.005200193988470846
3327,2015-12-20,2,0.0017784416735925743,0.0036939619649129
3328,2015-12-21,3,0.011541643044544986,0.011471581352956615
3329,2015-12-22,2,0.003442896147068685,0.008220496198919689
3330,2015-12-23,4,0.003437557481066738,0.006048739199279734
3331,2015-12-24,1,0.0012215189765910467,0.0033464061026404063
3332,2015-12-25,1,0.0011872958694441856,0.0035723846142508313
3333,2015-12-26,1,-0.0002934637940025429,0.00156009786647232
3334,2015-12-27,1,0.001034906235221255,0.0013385865830430528
3335,2015-12-28,1,0.0007266611310188654,0.001645902980725712
3336,2015-12-29,1,7.2812010280670196e-06,0.0013226844172143982
3337,2015-12-30,1,-0.00011992965450573594,0.001953385013955981
3338,2015-12-31,1,-1.35007403778078e-05,0.0007332072428548385
3339,2016-01-01,1,0.0010398337796367276,0.0013993550888944182
3340,2016-01-02,1,0.0005707169860950747,0.0012417304338107817
3341,2016-01-03,1,0.001030368394937751,0.001308871482088162
3342,2016-01-04,1,0.001354885252319531,0.0024360565050794286
3343,2016-01-05,1,0.0007005016070814396,0.001855057418558209
3344,2016-01-06,1,0.0006534719054939666,0.0018292765306133095
3345,2016-01-07,1,0.0001294084027381652,0.0027166640670127805
3346,2016-01-08,1,-0.000773533407899202,0.0022176981851311332
3347,2016-01-09,1,0.0001241240820697658,0.0008387293592932702
3348,2016-01-10,1,9.98279759283081e-05,0.000692853208307817
3349,2016-01-11,1,0.0005350995415927156,0.0010405346576868124
3350,2016-01-12,1,0.0012598263907070428,0.0024156772449011724
3351,2016-01-13,4,0.004134551598063959,0.009398682099066462
3352,2016-01-14,4,0.003841454282387958,0.008008526656237695
3353,2016-01-15,2,0.0019230092693961786,0.0037270026846306713
3354,2016-01-16,3,0.006222673339806689,0.007255507280038055
3355,2016-01-17,4,0.00224189505200894,0.006108072151046717
3356,2016-01-18,2,0.004407638304930906,0.005591273018789752
3357,2016-01-19,1,0.0019481178614711222,0.0029910100297918145
3358,2016-01-20,4,0.004026225093969788,0.0057417371637793705
3359,2016-01-21,1,0.000982618795776415,0.0022803722920749434
3360,2016-01-22,1,0.0008223301514381404,0.0015763167012952375
3361,2016-01-23,2,0.002954398570221584,0.003427062333011956
3362,2016-01-24,1,0.0029210329308046344,0.006475300797497917
3363,2016-01-25,1,0.0005447946363285075,0.002348305406441624
3364,2016-01-26,1,0.0005665089226465356,0.0009593431415601375
3365,2016-01-27,1,0.0013382219851096903,0.003062582922922977
3366,2016-01-28,4,0.0030672387579554097,0.003924432922167628
3367,2016-01-29,3,0.006836139468010402,0.007963580367855947
3368,2016-01-30,2,0.003119804407548156,0.007909210676495254
3369,2016-01-31,1,0.0003945617198537091,0.003964536220013934
3370,2016-02-01,1,0.0025543798402174415,0.004870785152571344
3371,2016-02-02,1,2.0686365973680314e-05,0.0038727577786888583
3372,2016-02-03,1,0.0005044575956150299,0.0013600073938525305
3373,2016-02-04,4,0.004422037279103118,0.004728748016297455
3374,2016-02-05,1,0.0006287899087176651,0.0021468106321051407
3375,2016-02-06,1,0.0014296743957360838,0.0019221302665637235
3376,2016-02-07,1,0.0005239461853332482,0.001351391414861425
3377,2016-02-08,1,0.0005765634663649399,0.0009987619484642795
3378,2016-02-09,1,0.0002311348542438468,0.000615669443753533
3379,2016-02-10,1,0.00022716996184345668,0.0007541645061634264
3380,2016-02-11,1,0.0003681871519764128,0.0008141400807649479
3381,2016-02-12,1,0.0007249962726881965,0.002216249819380828
3382,2016-02-13,1,0.0017953670615232582,0.0038048823508445855
3383,2016-02-14,4,0.0050791813206980275,0.007840176297646455
3384,2016-02-15,4,0.006617563064632566,0.010129936617449955
3385,2016-02-16,1,0.0012333431628392436,0.004134588491823591
3386,2016-02-17,1,0.0005357881596346859,0.0012729214426008427
3387,2016-02-18,3,0.007828799813913467,0.007062446585947848
3388,2016-02-19,1,0.0011875024071530654,0.0040450332393309986
3389,2016-02-20,1,0.0012231922320946017,0.0028927221991386807
3390,2016-02-21,1,0.00041835678903000224,0.001550220781826633
3391,2016-02-22,1,0.0007341970496258209,0.001853196869461837
3392,2016-02-23,1,0.00011465495118905676,0.0007392654783439455
3393,2016-02-24,1,0.0005189862180669632,0.000914902050149907
3394,2016-02-25,1,0.0006637982088826337,0.0011456455108171985
3395,2016-02-26,1,0.0006701792286939948,0.0009352876920441627
3396,2016-02-27,4,0.0028632870928414333,0.00490497352566452
3397,2016-02-28,1,0.0007168855057918536,0.002194353380689903
3398,2016-02-29,1,0.000953148843090778,0.002045321875071987
3399,2016-12-01,4,0.0027934419751577764,0.007687225235681289
3400,2016-12-02,1,0.0006009806267119502,0.0020382212005279595
3401,2016-12-03,4,0.0031302558607677654,0.004709121486127921
3402,2016-12-04,4,0.008091322216184558,0.0072563784249549575
3403,2016-12-05,1,-0.00019354452865187632,0.004904513556589283
3404,2016-12-06,1,0.0004793361429092216,0.0022773898046613873
3405,2016-12-07,1,5.936291112550722e-06,0.001023089956138446
3406,2016-12-08,3,0.006418940676962056,0.007814979855738665
3407,2016-12-09,3,0.007154139707465412,0.00581033081071968
3408,2016-12-10,3,0.007352052027274642,0.01136557493226914
3409,2016-12-11,4,0.002311407330009033,0.006992656113023414
3410,2016-12-12,4,0.0020283306341696513,0.004930858059402781
3411,2016-12-13,1,0.00033055301346708094,0.0014137815698884479
3412,2016-12-14,2,0.005938066237926608,0.0060957931700900215
3413,2016-12-15,3,0.006562507607194051,0.008823034300046733
3414,2016-12-16,2,0.0037655591721652065,0.012268530863039823
3415,2016-12-17,1,-0.0007584234097688116,0.004387511136398166
3416,2016-12-18,1,0.0013208155291224496,0.0032905000257570337
3417,2016-12-19,0,0.004664839161458157,0.003994022343882037
3418,2016-12-20,4,0.005109273115109151,0.006115695688318885
3419,2016-12-21,1,-0.0002865747504787036,0.0017638734345432636
3420,2016-12-22,1,0.0005451970643877691,0.0016445073958134139
3421,2016-12-23,1,0.0023660531124657345,0.0028541192705786173
3422,2016-12-24,2,0.004708129057580834,0.00735536040882617
3423,2016-12-25,1,0.00039915739313177846,0.005219933433103063
3424,2016-12-26,1,-0.001475106432424844,0.00391179178387811
3425,2016-12-27,0,0.0054728405490676296,0.005921140275905723
3426,2016-12-28,1,0.0007549446771616596,0.0030775453552608044
3427,2016-12-29,1,0.0018701650791130037,0.0021704707806306347
3428,2016-12-30,1,0.0015352610251938143,0.002378414141302247
3429,2016-12-31,1,-6.79780458783198e-05,0.0026833227846257825
3430,2017-01-01,1,0.0018091679844729456,0.003908244401610288
3431,2017-01-02,1,0.00018286921397260884,0.004915579124432653
3432,2017-01-03,1,0.0016950462722063809,0.0034632256156644312
3433,2017-01-04,2,0.005087526309537422,0.011002815054729904
3434,2017-01-05,1,-0.0019243733672845594,0.0044088713820899655
3435,2017-01-06,1,0.0006734769803718863,0.0014754731109124434
3436,2017-01-07,2,0.005828945157064981,0.0044261046197423114
3437,2017-01-08,3,0.008811368674538782,0.008168687739153413
3438,2017-01-09,3,0.007683671232999155,0.011242508492577285
3439,2017-01-10,3,0.008568588169990848,0.012498111346908173
3440,2017-01-11,3,0.006201035034757726,0.010938245970477567
3441,2017-01-12,1,6.254256902742815e-05,0.004620000293367929
3442,2017-01-13,1,0.00011513561910727008,0.0008048137000293394
3443,2017-01-14,1,0.00018867939455377618,0.0006720376499112343
3444,2017-01-15,1,0.0002893163282244459,0.0011865363705694245
3445,2017-01-16,1,0.0005099516964906069,0.0011520134308369203
3446,2017-01-17,1,0.0013601514956103737,0.0018669353645887753
3447,2017-01-18,1,0.0017408299395661835,0.0040894779851794625
3448,2017-01-19,1,0.0012506307972055524,0.002679124989473148
3449,2017-01-20,1,3.521078130285131e-06,0.001566458522850437
3450,2017-01-21,1,0.0008173687333340163,0.0018555288292088042
3451,2017-01-22,2,0.002716330104641335,0.004367488762848442
3452,2017-01-23,2,0.0033803453094580684,0.007891354571519515
3453,2017-01-24,1,-0.0014546844730062053,0.0035272205856559714
3454,2017-01-25,1,0.00068834444908582,0.003056825857060183
3455,2017-01-26,1,4.594999671587057e-05,0.0012972158423257647
3456,2017-01-27,1,0.0008309860427894555,0.0013785910563223905
3457,2017-01-28,1,0.0013613437814320446,0.0018576477577103715
3458,2017-01-29,1,0.00065019174065179,0.0009520025349593125
3459,2017-01-30,1,0.0007675836477332018,0.0014476058215537508
3460,2017-01-31,0,0.0027450712048121438,0.005055560263943314
3461,2017-02-01,1,-0.0002855423544241536,0.002797567419348088
3462,2017-02-02,2,0.0018738569109155686,0.0038526398017754483
3463,2017-02-03,0,0.005125834522661215,0.006394655695924953
3464,2017-02-04,3,0.0067122499174860125,0.008923452880913925
3465,2017-02-05,0,0.0030849894928981583,0.004672525134186947
3466,2017-02-06,3,0.007623824594774136,0.00910024689301888
3467,2017-02-07,3,0.00702456639917417,0.010812949692796765
3468,2017-02-08,4,0.005187700956519909,0.008004978282250497
3469,2017-02-09,3,0.008498199377528437,0.010830022708684165
3470,2017-02-10,3,0.006670232375760859,0.011489821575733132
3471,2017-02-11,1,-8.859546881886417e-05,0.005981004046076433
3472,2017-02-12,1,0.0006259287924529809,0.0015625878104836614
3473,2017-02-13,1,0.0003816136473571707,0.0009301679543586579
3474,2017-02-14,1,0.00045587566213044743,0.0008020818762003777
3475,2017-02-15,1,0.001023762988331282,0.002005084362314178
3476,2017-02-16,0,0.002810184764036708,0.004787724775402541
3477,2017-02-17,1,0.0013743314546446287,0.0024928384096660227
3478,2017-02-18,2,0.0031970915139662268,0.0061827806966952645
3479,2017-02-19,2,0.004151356829494905,0.006607999152075247
3480,2017-02-20,3,0.0064778545014948985,0.008394515161069928
3481,2017-02-21,3,0.007798677471673585,0.010051455085940252
3482,2017-02-22,2,0.002180397801091135,0.005626404877401988
3483,2017-02-23,1,0.002088926231431732,0.006149031310923709
3484,2017-02-24,1,-0.00044434606780126236,0.0033569403092188993
3485,2017-02-25,1,0.0018536261399826129,0.002834689648048528
3486,2017-02-26,4,0.0043092507823466126,0.004428940590105947
3487,2017-02-27,2,0.0034747409538033354,0.005617775309924195
3488,2017-02-28,1,0.0015273930679132264,0.0035363876374411222
3489,2017-12-01,1,0.0005496836502833698,0.0015488482209323699
3490,2017-12-02,1,0.001832485493724335,0.0027017404803217947
3491,2017-12-03,3,0.0076432818656904334,0.006897522332221188
3492,2017-12-04,1,-0.00039491497387941885,0.003619140041890732
3493,2017-12-05,1,0.0005245890184428133,0.0010343494965270451
3494,2017-12-06,1,0.0007140538113727954,0.0013010909768883597
3495,2017-12-07,1,0.0013233802340162667,0.0027801689338726164
3496,2017-12-08,1,0.0004042951817393536,0.0013939907015227328
3497,2017-12-09,1,0.00013893585065700463,0.00040793498808932107
3498,2017-12-10,1,0.00023957982236230864,0.0007519942026277228
3499,2017-12-11,1,0.0003737568117077802,0.0011142298913116601
3500,2017-12-12,1,0.0002126806484541377,0.0006628321912267394
3501,2017-12-13,1,0.0009614301148586468,0.0022869892629153415
3502,2017-12-14,1,-0.0004951257905041254,0.0014172865173244877
3503,2017-12-15,1,0.0017457843593980571,0.0034120178806674004
3504,2017-12-16,1,0.0004630316316255554,0.003165129395750425
3505,2017-12-17,1,0.0002976634959589152,0.004207221118870994
3506,2017-12-18,4,0.004159568877239935,0.011568817872772613
3507,2017-12-19,0,0.004072263451078019,0.008247232083449548
3508,2017-12-20,2,0.002512872831912317,0.005002392932767599
3509,2017-12-21,1,0.0002926038461569721,0.004326328992916781
3510,2017-12-22,2,0.002753942090117437,0.004545771420763118
3511,2017-12-23,2,0.0031060611209851653,0.009520640491361787
3512,2017-12-24,2,0.0030752902344363935,0.004216810496464644
3513,2017-12-25,2,0.003637805412894557,0.006340650662891972
3514,2017-12-26,1,0.00036192445197930995,0.0028762366347458187
3515,2017-12-27,0,0.00249797005312301,0.007775333083704077
3516,2017-12-28,4,0.005136863815303446,0.012086519258803132
3517,2017-12-29,4,0.006439149432818848,0.010727311779433698
3518,2017-12-30,1,-0.00012967503126872496,0.005071894045641529
3519,2017-12-31,1,-0.00021958913316338276,0.002428268548414923
3520,2018-01-01,1,8.959786254928196e-05,0.0006132665182671339
3521,2018-01-02,1,0.0006877255968737806,0.0011099763761170055
3522,2018-01-03,1,0.001004631620911901,0.001403177376733019
3523,2018-01-04,1,0.0010255810049382222,0.0021606091050381496
3524,2018-01-05,1,0.0010476856520065174,0.0020490023457956355
3525,2018-01-06,2,0.0024876083228735544,0.003430942155988709
3526,2018-01-07,1,3.366160357522447e-05,0.0021972459257624056
3527,2018-01-08,1,0.000725305129568931,0.0021535099657370082
3528,2018-01-09,4,0.006335492907106176,0.007833373280426773
3529,2018-01-10,0,0.0031089152832853213,0.010201389261963758
3530,2018-01-11,3,0.008219456117346055,0.008462014158017957
3531,2018-01-12,4,0.0037825934973232103,0.008990238505425215
3532,2018-01-13,1,0.0011497375493506837,0.0027027229367939058
3533,2018-01-14,1,0.00025679614618212684,0.0009841405833054158
3534,2018-01-15,1,-3.2203012438852394e-05,0.0011828429742439315
3535,2018-01-16,1,0.000602435730349727,0.0011785864608802774
3536,2018-01-17,1,0.0008585551555269537,0.0015177612973932939
3537,2018-01-18,0,0.003452285042805782,0.006997228027780393
3538,2018-01-19,2,0.003977878428201994,0.009412693468515943
3539,2018-01-20,1,0.0010111119885125512,0.004624910476283324
3540,2018-01-21,1,-0.0005734770573094164,0.0033721350394254586
3541,2018-01-22,1,0.0017832286760374049,0.002474121582093389
3542,2018-01-23,1,0.0008687303240668499,0.0018392456671130742
3543,2018-01-24,1,0.0016872847816838668,0.0028221038644953875
3544,2018-01-25,2,0.0029136074061088574,0.004107927635690193
3545,2018-01-26,1,0.0021237428314140362,0.0038307632741749636
3546,2018-01-27,0,0.003735278035566946,0.005000638045311514
3547,2018-01-28,1,0.0024858163763353046,0.003983389050042576
3548,2018-01-29,1,0.0003406361394542815,0.001714370893853097
3549,2018-01-30,1,0.0017748337059629088,0.0034777655684773106
3550,2018-01-31,1,0.000677111756922558,0.002334802991440902
3551,2018-02-01,1,0.001381306083409224,0.0026147692267043917
3552,2018-02-02,0,0.005608793669336371,0.006523642885144176
3553,2018-02-03,0,0.005040098218661994,0.01174530089654284
3554,2018-02-04,0,0.007135058487816921,0.009829703513311324
3555,2018-02-05,2,0.0023945533339896235,0.006990723785595326
3556,2018-02-06,1,0.0009344472412708529,0.0027081539647065356
3557,2018-02-07,0,0.003089227008969188,0.005235568697895572
3558,2018-02-08,0,0.003228986549201044,0.011588633227467225
3559,2018-02-09,1,-0.0004944982845419172,0.0026868026997290766
3560,2018-02-10,1,9.328025333708102e-05,0.002204023542072912
3561,2018-02-11,1,0.00026833136999004724,0.001164375286219347
3562,2018-02-12,1,0.0005347055225412388,0.0020971622873401977
3563,2018-02-13,1,0.000750910580357989,0.0017650238122136107
3564,2018-02-14,0,0.00457500190953569,0.0066742814988652865
3565,2018-02-15,1,0.0007696753541991549,0.0038158774689096156
3566,2018-02-16,0,0.003575492012871019,0.004355436933687428
3567,2018-02-17,0,0.007304846871508769,0.009369458036736533
3568,2018-02-18,1,0.001020494264113428,0.007253949372111892
3569,2018-02-19,1,-0.0008711795666030221,0.0035938400784141134
3570,2018-02-20,1,-0.0005655767834836695,0.0026717534405160353
3571,2018-02-21,1,0.0017135240540584785,0.00257283529492084
3572,2018-02-22,1,0.0013604316291288055,0.002383446081649384
3573,2018-02-23,1,0.0013907461480211637,0.0018658239737606535
3574,2018-02-24,0,0.003037417006785351,0.004112448969639191
3575,2018-02-25,0,0.0039882519548794185,0.005310366707381343
3576,2018-02-26,2,0.003277086420678448,0.005418543565630663
3577,2018-02-27,1,-7.811118455024633e-05,0.001380192055791264
3578,2018-02-28,1,0.000611139507880149,0.001253241910195434
